max-step-size,evaporation-rate,population,max-turn-angle,diffusion-rate,ticks
4.0,10.0,50.0,60.0,10.0,320
4.0,10.0,50.0,60.0,10.0,484
4.0,10.0,50.0,60.0,10.0,295
4.0,10.0,50.0,60.0,10.0,253
4.0,10.0,50.0,60.0,10.0,286
4.0,10.0,50.0,60.0,10.0,328
4.0,10.0,50.0,60.0,10.0,459
4.0,10.0,50.0,60.0,10.0,254
4.0,10.0,50.0,60.0,10.0,416
4.0,10.0,50.0,60.0,10.0,324
4.0,10.0,50.0,60.0,10.0,406
4.0,10.0,50.0,60.0,10.0,314
4.0,10.0,50.0,60.0,10.0,280
4.0,10.0,50.0,60.0,10.0,295
4.0,10.0,50.0,60.0,10.0,466
4.0,10.0,50.0,60.0,10.0,331
4.0,10.0,50.0,60.0,10.0,264
4.0,10.0,50.0,60.0,10.0,288
4.0,10.0,50.0,60.0,10.0,372
4.0,10.0,50.0,60.0,10.0,369
4.0,10.0,50.0,60.0,100.0,267
4.0,10.0,50.0,60.0,100.0,265
4.0,10.0,50.0,60.0,100.0,284
4.0,10.0,50.0,60.0,100.0,299
4.0,10.0,50.0,60.0,100.0,449
4.0,10.0,50.0,60.0,100.0,261
4.0,10.0,50.0,60.0,100.0,279
4.0,10.0,50.0,60.0,100.0,321
4.0,10.0,50.0,60.0,100.0,256
4.0,10.0,50.0,60.0,100.0,295
4.0,10.0,50.0,60.0,10.0,381
4.0,10.0,50.0,60.0,10.0,353
4.0,10.0,50.0,60.0,10.0,325
4.0,10.0,50.0,60.0,10.0,292
4.0,10.0,50.0,60.0,10.0,345
4.0,10.0,50.0,60.0,10.0,276
4.0,10.0,50.0,60.0,10.0,292
4.0,10.0,50.0,60.0,10.0,292
4.0,10.0,50.0,60.0,10.0,339
4.0,10.0,50.0,60.0,10.0,306
4.0,10.0,50.0,60.0,10.0,323
4.0,10.0,50.0,60.0,10.0,340
4.0,10.0,50.0,60.0,10.0,337
4.0,10.0,50.0,60.0,10.0,263
4.0,10.0,50.0,60.0,10.0,306
4.0,10.0,50.0,60.0,10.0,303
4.0,10.0,50.0,60.0,10.0,538
4.0,10.0,50.0,60.0,10.0,316
4.0,10.0,50.0,60.0,10.0,330
4.0,10.0,50.0,60.0,10.0,280
4.0,10.0,50.0,60.0,100.0,272
4.0,10.0,50.0,60.0,100.0,259
4.0,10.0,50.0,60.0,100.0,249
4.0,10.0,50.0,60.0,100.0,273
4.0,10.0,50.0,60.0,100.0,299
4.0,10.0,50.0,60.0,100.0,303
4.0,10.0,50.0,60.0,100.0,253
4.0,10.0,50.0,60.0,100.0,252
4.0,10.0,50.0,60.0,100.0,252
4.0,10.0,50.0,60.0,100.0,289
4.0,10.0,50.0,120.0,10.0,468
4.0,10.0,50.0,120.0,10.0,407
4.0,10.0,50.0,120.0,10.0,455
4.0,10.0,50.0,120.0,10.0,428
4.0,10.0,50.0,120.0,10.0,377
4.0,10.0,50.0,120.0,10.0,322
4.0,10.0,50.0,120.0,10.0,359
4.0,10.0,50.0,120.0,10.0,386
4.0,10.0,50.0,120.0,10.0,405
4.0,10.0,50.0,120.0,10.0,415
4.0,10.0,50.0,120.0,10.0,420
4.0,10.0,50.0,120.0,10.0,370
4.0,10.0,50.0,120.0,10.0,452
4.0,10.0,50.0,120.0,10.0,490
4.0,10.0,50.0,120.0,10.0,529
4.0,10.0,50.0,120.0,10.0,466
4.0,10.0,50.0,120.0,10.0,404
4.0,10.0,50.0,120.0,10.0,488
4.0,10.0,50.0,120.0,10.0,409
4.0,10.0,50.0,120.0,10.0,391
4.0,10.0,50.0,120.0,100.0,450
4.0,10.0,50.0,120.0,100.0,411
4.0,10.0,50.0,120.0,100.0,307
4.0,10.0,50.0,120.0,100.0,337
4.0,10.0,50.0,120.0,100.0,330
4.0,10.0,50.0,120.0,100.0,336
4.0,10.0,50.0,120.0,100.0,325
4.0,10.0,50.0,120.0,100.0,339
4.0,10.0,50.0,120.0,100.0,308
4.0,10.0,50.0,120.0,100.0,345
4.0,10.0,100.0,60.0,10.0,187
4.0,10.0,100.0,60.0,10.0,187
4.0,10.0,100.0,60.0,10.0,205
4.0,10.0,100.0,60.0,10.0,234
4.0,10.0,100.0,60.0,10.0,206
4.0,10.0,100.0,60.0,10.0,193
4.0,10.0,100.0,60.0,10.0,260
4.0,10.0,100.0,60.0,10.0,187
4.0,10.0,100.0,60.0,10.0,187
4.0,10.0,100.0,60.0,10.0,199
4.0,10.0,100.0,60.0,10.0,175
4.0,10.0,100.0,60.0,10.0,196
4.0,10.0,100.0,60.0,10.0,192
4.0,10.0,100.0,60.0,10.0,174
4.0,10.0,100.0,60.0,10.0,188
4.0,10.0,100.0,60.0,10.0,243
4.0,10.0,100.0,60.0,10.0,220
4.0,10.0,100.0,60.0,10.0,192
4.0,10.0,100.0,60.0,10.0,201
4.0,10.0,100.0,60.0,10.0,189
4.0,10.0,100.0,60.0,100.0,197
4.0,10.0,100.0,60.0,100.0,169
4.0,10.0,100.0,60.0,100.0,183
4.0,10.0,100.0,60.0,100.0,192
4.0,10.0,100.0,60.0,100.0,179
4.0,10.0,100.0,60.0,100.0,168
4.0,10.0,100.0,60.0,100.0,185
4.0,10.0,100.0,60.0,100.0,205
4.0,10.0,100.0,60.0,100.0,186
4.0,10.0,100.0,60.0,100.0,192
4.0,10.0,100.0,60.0,10.0,212
4.0,10.0,100.0,60.0,10.0,238
4.0,10.0,100.0,60.0,10.0,243
4.0,10.0,100.0,60.0,10.0,190
4.0,10.0,100.0,60.0,10.0,178
4.0,10.0,100.0,60.0,10.0,207
4.0,10.0,100.0,60.0,10.0,184
4.0,10.0,100.0,60.0,10.0,180
4.0,10.0,100.0,60.0,10.0,184
4.0,10.0,100.0,60.0,10.0,186
4.0,10.0,100.0,60.0,10.0,188
4.0,10.0,100.0,60.0,10.0,191
4.0,10.0,100.0,60.0,10.0,175
4.0,10.0,100.0,60.0,10.0,203
4.0,10.0,100.0,60.0,10.0,200
4.0,10.0,100.0,60.0,10.0,187
4.0,10.0,100.0,60.0,10.0,224
4.0,10.0,100.0,60.0,10.0,183
4.0,10.0,100.0,60.0,10.0,210
4.0,10.0,100.0,60.0,10.0,201
4.0,10.0,100.0,60.0,100.0,157
4.0,10.0,100.0,60.0,100.0,178
4.0,10.0,100.0,60.0,100.0,183
4.0,10.0,100.0,60.0,100.0,183
4.0,10.0,100.0,60.0,100.0,166
4.0,10.0,100.0,60.0,100.0,189
4.0,10.0,100.0,60.0,100.0,203
4.0,10.0,100.0,60.0,100.0,176
4.0,10.0,100.0,60.0,100.0,184
4.0,10.0,100.0,60.0,100.0,186
4.0,10.0,100.0,120.0,10.0,227
4.0,10.0,100.0,120.0,10.0,207
4.0,10.0,100.0,120.0,10.0,197
4.0,10.0,100.0,120.0,10.0,240
4.0,10.0,100.0,120.0,10.0,244
4.0,10.0,100.0,120.0,10.0,254
4.0,10.0,100.0,120.0,10.0,234
4.0,10.0,100.0,120.0,10.0,222
4.0,10.0,100.0,120.0,10.0,217
4.0,10.0,100.0,120.0,10.0,243
4.0,10.0,100.0,120.0,10.0,224
4.0,10.0,100.0,120.0,10.0,260
4.0,10.0,100.0,120.0,10.0,215
4.0,10.0,100.0,120.0,10.0,218
4.0,10.0,100.0,120.0,10.0,197
4.0,10.0,100.0,120.0,10.0,226
4.0,10.0,100.0,120.0,10.0,297
4.0,10.0,100.0,120.0,10.0,213
4.0,10.0,100.0,120.0,10.0,211
4.0,10.0,100.0,120.0,10.0,302
4.0,10.0,100.0,120.0,100.0,256
4.0,10.0,100.0,120.0,100.0,237
4.0,10.0,100.0,120.0,100.0,218
4.0,10.0,100.0,120.0,100.0,225
4.0,10.0,100.0,120.0,100.0,213
4.0,10.0,100.0,120.0,100.0,217
4.0,10.0,100.0,120.0,100.0,198
4.0,10.0,100.0,120.0,100.0,263
4.0,10.0,100.0,120.0,100.0,229
4.0,10.0,100.0,120.0,100.0,208
4.0,10.0,50.0,60.0,10.0,282
4.0,10.0,50.0,60.0,10.0,347
4.0,10.0,50.0,60.0,10.0,466
4.0,10.0,50.0,60.0,10.0,286
4.0,10.0,50.0,60.0,10.0,307
4.0,10.0,50.0,60.0,10.0,374
4.0,10.0,50.0,60.0,10.0,519
4.0,10.0,50.0,60.0,10.0,270
4.0,10.0,50.0,60.0,10.0,438
4.0,10.0,50.0,60.0,10.0,285
4.0,10.0,50.0,60.0,10.0,267
4.0,10.0,50.0,60.0,10.0,407
4.0,10.0,50.0,60.0,10.0,387
4.0,10.0,50.0,60.0,10.0,278
4.0,10.0,50.0,60.0,10.0,293
4.0,10.0,50.0,60.0,10.0,325
4.0,10.0,50.0,60.0,10.0,336
4.0,10.0,50.0,60.0,10.0,328
4.0,10.0,50.0,60.0,10.0,329
4.0,10.0,50.0,60.0,10.0,410
4.0,10.0,50.0,60.0,100.0,522
4.0,10.0,50.0,60.0,100.0,265
4.0,10.0,50.0,60.0,100.0,274
4.0,10.0,50.0,60.0,100.0,273
4.0,10.0,50.0,60.0,100.0,256
4.0,10.0,50.0,60.0,100.0,270
4.0,10.0,50.0,60.0,100.0,293
4.0,10.0,50.0,60.0,100.0,310
4.0,10.0,50.0,60.0,100.0,308
4.0,10.0,50.0,60.0,100.0,252
4.0,10.0,50.0,60.0,10.0,460
4.0,10.0,50.0,60.0,10.0,340
4.0,10.0,50.0,60.0,10.0,557
4.0,10.0,50.0,60.0,10.0,378
4.0,10.0,50.0,60.0,10.0,349
4.0,10.0,50.0,60.0,10.0,330
4.0,10.0,50.0,60.0,10.0,265
4.0,10.0,50.0,60.0,10.0,325
4.0,10.0,50.0,60.0,10.0,262
4.0,10.0,50.0,60.0,10.0,293
4.0,10.0,50.0,60.0,10.0,369
4.0,10.0,50.0,60.0,10.0,286
4.0,10.0,50.0,60.0,10.0,369
4.0,10.0,50.0,60.0,10.0,284
4.0,10.0,50.0,60.0,10.0,388
4.0,10.0,50.0,60.0,10.0,300
4.0,10.0,50.0,60.0,10.0,288
4.0,10.0,50.0,60.0,10.0,508
4.0,10.0,50.0,60.0,10.0,362
4.0,10.0,50.0,60.0,10.0,507
4.0,10.0,50.0,60.0,100.0,248
4.0,10.0,50.0,60.0,100.0,357
4.0,10.0,50.0,60.0,100.0,357
4.0,10.0,50.0,60.0,100.0,285
4.0,10.0,50.0,60.0,100.0,248
4.0,10.0,50.0,60.0,100.0,234
4.0,10.0,50.0,60.0,100.0,271
4.0,10.0,50.0,60.0,100.0,342
4.0,10.0,50.0,60.0,100.0,235
4.0,10.0,50.0,60.0,100.0,276
4.0,10.0,50.0,120.0,10.0,422
4.0,10.0,50.0,120.0,10.0,505
4.0,10.0,50.0,120.0,10.0,373
4.0,10.0,50.0,120.0,10.0,339
4.0,10.0,50.0,120.0,10.0,461
4.0,10.0,50.0,120.0,10.0,466
4.0,10.0,50.0,120.0,10.0,612
4.0,10.0,50.0,120.0,10.0,373
4.0,10.0,50.0,120.0,10.0,410
4.0,10.0,50.0,120.0,10.0,394
4.0,10.0,50.0,120.0,10.0,462
4.0,10.0,50.0,120.0,10.0,465
4.0,10.0,50.0,120.0,10.0,407
4.0,10.0,50.0,120.0,10.0,390
4.0,10.0,50.0,120.0,10.0,464
4.0,10.0,50.0,120.0,10.0,533
4.0,10.0,50.0,120.0,10.0,724
4.0,10.0,50.0,120.0,10.0,323
4.0,10.0,50.0,120.0,10.0,379
4.0,10.0,50.0,120.0,10.0,382
4.0,10.0,50.0,120.0,100.0,335
4.0,10.0,50.0,120.0,100.0,330
4.0,10.0,50.0,120.0,100.0,338
4.0,10.0,50.0,120.0,100.0,301
4.0,10.0,50.0,120.0,100.0,359
4.0,10.0,50.0,120.0,100.0,305
4.0,10.0,50.0,120.0,100.0,392
4.0,10.0,50.0,120.0,100.0,466
4.0,10.0,50.0,120.0,100.0,329
4.0,10.0,50.0,120.0,100.0,301
4.0,10.0,100.0,60.0,10.0,203
4.0,10.0,100.0,60.0,10.0,183
4.0,10.0,100.0,60.0,10.0,191
4.0,10.0,100.0,60.0,10.0,188
4.0,10.0,100.0,60.0,10.0,185
4.0,10.0,100.0,60.0,10.0,183
4.0,10.0,100.0,60.0,10.0,254
4.0,10.0,100.0,60.0,10.0,178
4.0,10.0,100.0,60.0,10.0,207
4.0,10.0,100.0,60.0,10.0,179
4.0,10.0,100.0,60.0,10.0,195
4.0,10.0,100.0,60.0,10.0,250
4.0,10.0,100.0,60.0,10.0,210
4.0,10.0,100.0,60.0,10.0,202
4.0,10.0,100.0,60.0,10.0,170
4.0,10.0,100.0,60.0,10.0,161
4.0,10.0,100.0,60.0,10.0,277
4.0,10.0,100.0,60.0,10.0,210
4.0,10.0,100.0,60.0,10.0,185
4.0,10.0,100.0,60.0,10.0,211
4.0,10.0,100.0,60.0,100.0,186
4.0,10.0,100.0,60.0,100.0,168
4.0,10.0,100.0,60.0,100.0,190
4.0,10.0,100.0,60.0,100.0,181
4.0,10.0,100.0,60.0,100.0,192
4.0,10.0,100.0,60.0,100.0,200
4.0,10.0,100.0,60.0,100.0,179
4.0,10.0,100.0,60.0,100.0,173
4.0,10.0,100.0,60.0,100.0,191
4.0,10.0,100.0,60.0,100.0,196
4.0,10.0,100.0,60.0,10.0,198
4.0,10.0,100.0,60.0,10.0,238
4.0,10.0,100.0,60.0,10.0,206
4.0,10.0,100.0,60.0,10.0,221
4.0,10.0,100.0,60.0,10.0,191
4.0,10.0,100.0,60.0,10.0,194
4.0,10.0,100.0,60.0,10.0,268
4.0,10.0,100.0,60.0,10.0,221
4.0,10.0,100.0,60.0,10.0,192
4.0,10.0,100.0,60.0,10.0,193
4.0,10.0,100.0,60.0,10.0,234
4.0,10.0,100.0,60.0,10.0,189
4.0,10.0,100.0,60.0,10.0,210
4.0,10.0,100.0,60.0,10.0,164
4.0,10.0,100.0,60.0,10.0,210
4.0,10.0,100.0,60.0,10.0,199
4.0,10.0,100.0,60.0,10.0,200
4.0,10.0,100.0,60.0,10.0,187
4.0,10.0,100.0,60.0,10.0,194
4.0,10.0,100.0,60.0,10.0,248
4.0,10.0,100.0,60.0,100.0,174
4.0,10.0,100.0,60.0,100.0,198
4.0,10.0,100.0,60.0,100.0,166
4.0,10.0,100.0,60.0,100.0,181
4.0,10.0,100.0,60.0,100.0,186
4.0,10.0,100.0,60.0,100.0,201
4.0,10.0,100.0,60.0,100.0,193
4.0,10.0,100.0,60.0,100.0,169
4.0,10.0,100.0,60.0,100.0,208
4.0,10.0,100.0,60.0,100.0,174
4.0,10.0,100.0,120.0,10.0,265
4.0,10.0,100.0,120.0,10.0,251
4.0,10.0,100.0,120.0,10.0,263
4.0,10.0,100.0,120.0,10.0,299
4.0,10.0,100.0,120.0,10.0,262
4.0,10.0,100.0,120.0,10.0,248
4.0,10.0,100.0,120.0,10.0,257
4.0,10.0,100.0,120.0,10.0,207
4.0,10.0,100.0,120.0,10.0,278
4.0,10.0,100.0,120.0,10.0,246
4.0,10.0,100.0,120.0,10.0,222
4.0,10.0,100.0,120.0,10.0,238
4.0,10.0,100.0,120.0,10.0,232
4.0,10.0,100.0,120.0,10.0,215
4.0,10.0,100.0,120.0,10.0,335
4.0,10.0,100.0,120.0,10.0,224
4.0,10.0,100.0,120.0,10.0,206
4.0,10.0,100.0,120.0,10.0,196
4.0,10.0,100.0,120.0,10.0,201
4.0,10.0,100.0,120.0,10.0,259
4.0,10.0,100.0,120.0,100.0,195
4.0,10.0,100.0,120.0,100.0,249
4.0,10.0,100.0,120.0,100.0,205
4.0,10.0,100.0,120.0,100.0,203
4.0,10.0,100.0,120.0,100.0,219
4.0,10.0,100.0,120.0,100.0,226
4.0,10.0,100.0,120.0,100.0,206
4.0,10.0,100.0,120.0,100.0,214
4.0,10.0,100.0,120.0,100.0,223
4.0,10.0,100.0,120.0,100.0,232
4.0,100.0,50.0,60.0,10.0,427
4.0,100.0,50.0,60.0,10.0,438
4.0,100.0,50.0,60.0,10.0,464
4.0,100.0,50.0,60.0,10.0,383
4.0,100.0,50.0,60.0,10.0,345
4.0,100.0,50.0,60.0,10.0,381
4.0,100.0,50.0,60.0,10.0,538
4.0,100.0,50.0,60.0,10.0,375
4.0,100.0,50.0,60.0,10.0,465
4.0,100.0,50.0,60.0,10.0,446
4.0,100.0,50.0,60.0,10.0,425
4.0,100.0,50.0,60.0,10.0,379
4.0,100.0,50.0,60.0,10.0,372
4.0,100.0,50.0,60.0,10.0,530
4.0,100.0,50.0,60.0,10.0,686
4.0,100.0,50.0,60.0,10.0,435
4.0,100.0,50.0,60.0,10.0,362
4.0,100.0,50.0,60.0,10.0,455
4.0,100.0,50.0,60.0,10.0,380
4.0,100.0,50.0,60.0,10.0,501
4.0,100.0,50.0,60.0,100.0,652
4.0,100.0,50.0,60.0,100.0,415
4.0,100.0,50.0,60.0,100.0,248
4.0,100.0,50.0,60.0,100.0,437
4.0,100.0,50.0,60.0,100.0,367
4.0,100.0,50.0,60.0,100.0,369
4.0,100.0,50.0,60.0,100.0,474
4.0,100.0,50.0,60.0,100.0,438
4.0,100.0,50.0,60.0,100.0,486
4.0,100.0,50.0,60.0,100.0,339
4.0,100.0,50.0,60.0,10.0,379
4.0,100.0,50.0,60.0,10.0,378
4.0,100.0,50.0,60.0,10.0,352
4.0,100.0,50.0,60.0,10.0,418
4.0,100.0,50.0,60.0,10.0,439
4.0,100.0,50.0,60.0,10.0,341
4.0,100.0,50.0,60.0,10.0,384
4.0,100.0,50.0,60.0,10.0,500
4.0,100.0,50.0,60.0,10.0,473
4.0,100.0,50.0,60.0,10.0,422
4.0,100.0,50.0,60.0,10.0,404
4.0,100.0,50.0,60.0,10.0,509
4.0,100.0,50.0,60.0,10.0,392
4.0,100.0,50.0,60.0,10.0,503
4.0,100.0,50.0,60.0,10.0,442
4.0,100.0,50.0,60.0,10.0,675
4.0,100.0,50.0,60.0,10.0,477
4.0,100.0,50.0,60.0,10.0,406
4.0,100.0,50.0,60.0,10.0,430
4.0,100.0,50.0,60.0,10.0,406
4.0,100.0,50.0,60.0,100.0,468
4.0,100.0,50.0,60.0,100.0,390
4.0,100.0,50.0,60.0,100.0,378
4.0,100.0,50.0,60.0,100.0,439
4.0,100.0,50.0,60.0,100.0,593
4.0,100.0,50.0,60.0,100.0,310
4.0,100.0,50.0,60.0,100.0,331
4.0,100.0,50.0,60.0,100.0,433
4.0,100.0,50.0,60.0,100.0,381
4.0,100.0,50.0,60.0,100.0,528
4.0,100.0,50.0,120.0,10.0,376
4.0,100.0,50.0,120.0,10.0,433
4.0,100.0,50.0,120.0,10.0,554
4.0,100.0,50.0,120.0,10.0,393
4.0,100.0,50.0,120.0,10.0,663
4.0,100.0,50.0,120.0,10.0,450
4.0,100.0,50.0,120.0,10.0,454
4.0,100.0,50.0,120.0,10.0,470
4.0,100.0,50.0,120.0,10.0,387
4.0,100.0,50.0,120.0,10.0,408
4.0,100.0,50.0,120.0,10.0,525
4.0,100.0,50.0,120.0,10.0,620
4.0,100.0,50.0,120.0,10.0,682
4.0,100.0,50.0,120.0,10.0,566
4.0,100.0,50.0,120.0,10.0,551
4.0,100.0,50.0,120.0,10.0,422
4.0,100.0,50.0,120.0,10.0,368
4.0,100.0,50.0,120.0,10.0,465
4.0,100.0,50.0,120.0,10.0,394
4.0,100.0,50.0,120.0,10.0,362
4.0,100.0,50.0,120.0,100.0,423
4.0,100.0,50.0,120.0,100.0,365
4.0,100.0,50.0,120.0,100.0,426
4.0,100.0,50.0,120.0,100.0,415
4.0,100.0,50.0,120.0,100.0,576
4.0,100.0,50.0,120.0,100.0,318
4.0,100.0,50.0,120.0,100.0,327
4.0,100.0,50.0,120.0,100.0,360
4.0,100.0,50.0,120.0,100.0,440
4.0,100.0,50.0,120.0,100.0,444
4.0,100.0,100.0,60.0,10.0,248
4.0,100.0,100.0,60.0,10.0,231
4.0,100.0,100.0,60.0,10.0,183
4.0,100.0,100.0,60.0,10.0,226
4.0,100.0,100.0,60.0,10.0,253
4.0,100.0,100.0,60.0,10.0,183
4.0,100.0,100.0,60.0,10.0,203
4.0,100.0,100.0,60.0,10.0,231
4.0,100.0,100.0,60.0,10.0,176
4.0,100.0,100.0,60.0,10.0,181
4.0,100.0,100.0,60.0,10.0,162
4.0,100.0,100.0,60.0,10.0,154
4.0,100.0,100.0,60.0,10.0,256
4.0,100.0,100.0,60.0,10.0,145
4.0,100.0,100.0,60.0,10.0,220
4.0,100.0,100.0,60.0,10.0,233
4.0,100.0,100.0,60.0,10.0,327
4.0,100.0,100.0,60.0,10.0,195
4.0,100.0,100.0,60.0,10.0,173
4.0,100.0,100.0,60.0,10.0,170
4.0,100.0,100.0,60.0,100.0,172
4.0,100.0,100.0,60.0,100.0,228
4.0,100.0,100.0,60.0,100.0,204
4.0,100.0,100.0,60.0,100.0,226
4.0,100.0,100.0,60.0,100.0,309
4.0,100.0,100.0,60.0,100.0,276
4.0,100.0,100.0,60.0,100.0,245
4.0,100.0,100.0,60.0,100.0,173
4.0,100.0,100.0,60.0,100.0,189
4.0,100.0,100.0,60.0,100.0,232
4.0,100.0,100.0,60.0,10.0,222
4.0,100.0,100.0,60.0,10.0,181
4.0,100.0,100.0,60.0,10.0,285
4.0,100.0,100.0,60.0,10.0,194
4.0,100.0,100.0,60.0,10.0,186
4.0,100.0,100.0,60.0,10.0,249
4.0,100.0,100.0,60.0,10.0,249
4.0,100.0,100.0,60.0,10.0,218
4.0,100.0,100.0,60.0,10.0,199
4.0,100.0,100.0,60.0,10.0,187
4.0,100.0,100.0,60.0,10.0,258
4.0,100.0,100.0,60.0,10.0,206
4.0,100.0,100.0,60.0,10.0,223
4.0,100.0,100.0,60.0,10.0,192
4.0,100.0,100.0,60.0,10.0,222
4.0,100.0,100.0,60.0,10.0,169
4.0,100.0,100.0,60.0,10.0,197
4.0,100.0,100.0,60.0,10.0,183
4.0,100.0,100.0,60.0,10.0,341
4.0,100.0,100.0,60.0,10.0,271
4.0,100.0,100.0,60.0,100.0,159
4.0,100.0,100.0,60.0,100.0,235
4.0,100.0,100.0,60.0,100.0,199
4.0,100.0,100.0,60.0,100.0,192
4.0,100.0,100.0,60.0,100.0,184
4.0,100.0,100.0,60.0,100.0,199
4.0,100.0,100.0,60.0,100.0,244
4.0,100.0,100.0,60.0,100.0,205
4.0,100.0,100.0,60.0,100.0,278
4.0,100.0,100.0,60.0,100.0,210
4.0,100.0,100.0,120.0,10.0,219
4.0,100.0,100.0,120.0,10.0,216
4.0,100.0,100.0,120.0,10.0,214
4.0,100.0,100.0,120.0,10.0,248
4.0,100.0,100.0,120.0,10.0,225
4.0,100.0,100.0,120.0,10.0,290
4.0,100.0,100.0,120.0,10.0,236
4.0,100.0,100.0,120.0,10.0,304
4.0,100.0,100.0,120.0,10.0,232
4.0,100.0,100.0,120.0,10.0,239
4.0,100.0,100.0,120.0,10.0,274
4.0,100.0,100.0,120.0,10.0,213
4.0,100.0,100.0,120.0,10.0,176
4.0,100.0,100.0,120.0,10.0,326
4.0,100.0,100.0,120.0,10.0,203
4.0,100.0,100.0,120.0,10.0,218
4.0,100.0,100.0,120.0,10.0,168
4.0,100.0,100.0,120.0,10.0,247
4.0,100.0,100.0,120.0,10.0,207
4.0,100.0,100.0,120.0,10.0,254
4.0,100.0,100.0,120.0,100.0,196
4.0,100.0,100.0,120.0,100.0,368
4.0,100.0,100.0,120.0,100.0,196
4.0,100.0,100.0,120.0,100.0,242
4.0,100.0,100.0,120.0,100.0,433
4.0,100.0,100.0,120.0,100.0,196
4.0,100.0,100.0,120.0,100.0,199
4.0,100.0,100.0,120.0,100.0,195
4.0,100.0,100.0,120.0,100.0,247
4.0,100.0,100.0,120.0,100.0,148
8.0,10.0,50.0,60.0,10.0,372
8.0,10.0,50.0,60.0,10.0,277
8.0,10.0,50.0,60.0,10.0,372
8.0,10.0,50.0,60.0,10.0,321
8.0,10.0,50.0,60.0,10.0,386
8.0,10.0,50.0,60.0,10.0,290
8.0,10.0,50.0,60.0,10.0,308
8.0,10.0,50.0,60.0,10.0,261
8.0,10.0,50.0,60.0,10.0,364
8.0,10.0,50.0,60.0,10.0,258
8.0,10.0,50.0,60.0,10.0,263
8.0,10.0,50.0,60.0,10.0,293
8.0,10.0,50.0,60.0,10.0,303
8.0,10.0,50.0,60.0,10.0,273
8.0,10.0,50.0,60.0,10.0,271
8.0,10.0,50.0,60.0,10.0,303
8.0,10.0,50.0,60.0,10.0,316
8.0,10.0,50.0,60.0,10.0,285
8.0,10.0,50.0,60.0,10.0,366
8.0,10.0,50.0,60.0,10.0,233
8.0,10.0,50.0,60.0,100.0,396
8.0,10.0,50.0,60.0,100.0,303
8.0,10.0,50.0,60.0,100.0,224
8.0,10.0,50.0,60.0,100.0,283
8.0,10.0,50.0,60.0,100.0,500
8.0,10.0,50.0,60.0,100.0,310
8.0,10.0,50.0,60.0,100.0,245
8.0,10.0,50.0,60.0,100.0,273
8.0,10.0,50.0,60.0,100.0,251
8.0,10.0,50.0,60.0,100.0,223
8.0,10.0,50.0,60.0,10.0,363
8.0,10.0,50.0,60.0,10.0,373
8.0,10.0,50.0,60.0,10.0,382
8.0,10.0,50.0,60.0,10.0,337
8.0,10.0,50.0,60.0,10.0,351
8.0,10.0,50.0,60.0,10.0,259
8.0,10.0,50.0,60.0,10.0,380
8.0,10.0,50.0,60.0,10.0,270
8.0,10.0,50.0,60.0,10.0,299
8.0,10.0,50.0,60.0,10.0,253
8.0,10.0,50.0,60.0,10.0,436
8.0,10.0,50.0,60.0,10.0,338
8.0,10.0,50.0,60.0,10.0,333
8.0,10.0,50.0,60.0,10.0,369
8.0,10.0,50.0,60.0,10.0,338
8.0,10.0,50.0,60.0,10.0,271
8.0,10.0,50.0,60.0,10.0,285
8.0,10.0,50.0,60.0,10.0,292
8.0,10.0,50.0,60.0,10.0,279
8.0,10.0,50.0,60.0,10.0,305
8.0,10.0,50.0,60.0,100.0,367
8.0,10.0,50.0,60.0,100.0,292
8.0,10.0,50.0,60.0,100.0,280
8.0,10.0,50.0,60.0,100.0,443
8.0,10.0,50.0,60.0,100.0,266
8.0,10.0,50.0,60.0,100.0,278
8.0,10.0,50.0,60.0,100.0,260
8.0,10.0,50.0,60.0,100.0,402
8.0,10.0,50.0,60.0,100.0,243
8.0,10.0,50.0,60.0,100.0,240
8.0,10.0,50.0,120.0,10.0,383
8.0,10.0,50.0,120.0,10.0,359
8.0,10.0,50.0,120.0,10.0,370
8.0,10.0,50.0,120.0,10.0,365
8.0,10.0,50.0,120.0,10.0,366
8.0,10.0,50.0,120.0,10.0,281
8.0,10.0,50.0,120.0,10.0,314
8.0,10.0,50.0,120.0,10.0,426
8.0,10.0,50.0,120.0,10.0,358
8.0,10.0,50.0,120.0,10.0,306
8.0,10.0,50.0,120.0,10.0,319
8.0,10.0,50.0,120.0,10.0,359
8.0,10.0,50.0,120.0,10.0,387
8.0,10.0,50.0,120.0,10.0,329
8.0,10.0,50.0,120.0,10.0,294
8.0,10.0,50.0,120.0,10.0,394
8.0,10.0,50.0,120.0,10.0,267
8.0,10.0,50.0,120.0,10.0,378
8.0,10.0,50.0,120.0,10.0,306
8.0,10.0,50.0,120.0,10.0,316
8.0,10.0,50.0,120.0,100.0,336
8.0,10.0,50.0,120.0,100.0,279
8.0,10.0,50.0,120.0,100.0,326
8.0,10.0,50.0,120.0,100.0,398
8.0,10.0,50.0,120.0,100.0,327
8.0,10.0,50.0,120.0,100.0,250
8.0,10.0,50.0,120.0,100.0,343
8.0,10.0,50.0,120.0,100.0,395
8.0,10.0,50.0,120.0,100.0,547
8.0,10.0,50.0,120.0,100.0,280
8.0,10.0,100.0,60.0,10.0,140
8.0,10.0,100.0,60.0,10.0,233
8.0,10.0,100.0,60.0,10.0,174
8.0,10.0,100.0,60.0,10.0,184
8.0,10.0,100.0,60.0,10.0,165
8.0,10.0,100.0,60.0,10.0,164
8.0,10.0,100.0,60.0,10.0,204
8.0,10.0,100.0,60.0,10.0,158
8.0,10.0,100.0,60.0,10.0,139
8.0,10.0,100.0,60.0,10.0,254
8.0,10.0,100.0,60.0,10.0,202
8.0,10.0,100.0,60.0,10.0,207
8.0,10.0,100.0,60.0,10.0,190
8.0,10.0,100.0,60.0,10.0,153
8.0,10.0,100.0,60.0,10.0,158
8.0,10.0,100.0,60.0,10.0,201
8.0,10.0,100.0,60.0,10.0,257
8.0,10.0,100.0,60.0,10.0,158
8.0,10.0,100.0,60.0,10.0,171
8.0,10.0,100.0,60.0,10.0,176
8.0,10.0,100.0,60.0,100.0,144
8.0,10.0,100.0,60.0,100.0,143
8.0,10.0,100.0,60.0,100.0,153
8.0,10.0,100.0,60.0,100.0,156
8.0,10.0,100.0,60.0,100.0,132
8.0,10.0,100.0,60.0,100.0,163
8.0,10.0,100.0,60.0,100.0,153
8.0,10.0,100.0,60.0,100.0,153
8.0,10.0,100.0,60.0,100.0,149
8.0,10.0,100.0,60.0,100.0,152
8.0,10.0,100.0,60.0,10.0,167
8.0,10.0,100.0,60.0,10.0,183
8.0,10.0,100.0,60.0,10.0,206
8.0,10.0,100.0,60.0,10.0,184
8.0,10.0,100.0,60.0,10.0,241
8.0,10.0,100.0,60.0,10.0,155
8.0,10.0,100.0,60.0,10.0,166
8.0,10.0,100.0,60.0,10.0,178
8.0,10.0,100.0,60.0,10.0,183
8.0,10.0,100.0,60.0,10.0,172
8.0,10.0,100.0,60.0,10.0,189
8.0,10.0,100.0,60.0,10.0,150
8.0,10.0,100.0,60.0,10.0,197
8.0,10.0,100.0,60.0,10.0,250
8.0,10.0,100.0,60.0,10.0,162
8.0,10.0,100.0,60.0,10.0,188
8.0,10.0,100.0,60.0,10.0,224
8.0,10.0,100.0,60.0,10.0,168
8.0,10.0,100.0,60.0,10.0,175
8.0,10.0,100.0,60.0,10.0,166
8.0,10.0,100.0,60.0,100.0,177
8.0,10.0,100.0,60.0,100.0,170
8.0,10.0,100.0,60.0,100.0,163
8.0,10.0,100.0,60.0,100.0,293
8.0,10.0,100.0,60.0,100.0,170
8.0,10.0,100.0,60.0,100.0,248
8.0,10.0,100.0,60.0,100.0,154
8.0,10.0,100.0,60.0,100.0,159
8.0,10.0,100.0,60.0,100.0,184
8.0,10.0,100.0,60.0,100.0,198
8.0,10.0,100.0,120.0,10.0,205
8.0,10.0,100.0,120.0,10.0,179
8.0,10.0,100.0,120.0,10.0,193
8.0,10.0,100.0,120.0,10.0,174
8.0,10.0,100.0,120.0,10.0,207
8.0,10.0,100.0,120.0,10.0,165
8.0,10.0,100.0,120.0,10.0,171
8.0,10.0,100.0,120.0,10.0,176
8.0,10.0,100.0,120.0,10.0,204
8.0,10.0,100.0,120.0,10.0,213
8.0,10.0,100.0,120.0,10.0,174
8.0,10.0,100.0,120.0,10.0,191
8.0,10.0,100.0,120.0,10.0,252
8.0,10.0,100.0,120.0,10.0,212
8.0,10.0,100.0,120.0,10.0,226
8.0,10.0,100.0,120.0,10.0,184
8.0,10.0,100.0,120.0,10.0,208
8.0,10.0,100.0,120.0,10.0,163
8.0,10.0,100.0,120.0,10.0,265
8.0,10.0,100.0,120.0,10.0,256
8.0,10.0,100.0,120.0,100.0,165
8.0,10.0,100.0,120.0,100.0,159
8.0,10.0,100.0,120.0,100.0,164
8.0,10.0,100.0,120.0,100.0,155
8.0,10.0,100.0,120.0,100.0,163
8.0,10.0,100.0,120.0,100.0,196
8.0,10.0,100.0,120.0,100.0,174
8.0,10.0,100.0,120.0,100.0,213
8.0,10.0,100.0,120.0,100.0,167
8.0,10.0,100.0,120.0,100.0,160
8.0,10.0,50.0,60.0,10.0,537
8.0,10.0,50.0,60.0,10.0,330
8.0,10.0,50.0,60.0,10.0,283
8.0,10.0,50.0,60.0,10.0,417
8.0,10.0,50.0,60.0,10.0,357
8.0,10.0,50.0,60.0,10.0,347
8.0,10.0,50.0,60.0,10.0,341
8.0,10.0,50.0,60.0,10.0,267
8.0,10.0,50.0,60.0,10.0,319
8.0,10.0,50.0,60.0,10.0,500
8.0,10.0,50.0,60.0,10.0,427
8.0,10.0,50.0,60.0,10.0,233
8.0,10.0,50.0,60.0,10.0,360
8.0,10.0,50.0,60.0,10.0,289
8.0,10.0,50.0,60.0,10.0,356
8.0,10.0,50.0,60.0,10.0,299
8.0,10.0,50.0,60.0,10.0,291
8.0,10.0,50.0,60.0,10.0,359
8.0,10.0,50.0,60.0,10.0,302
8.0,10.0,50.0,60.0,10.0,230
8.0,10.0,50.0,60.0,100.0,332
8.0,10.0,50.0,60.0,100.0,234
8.0,10.0,50.0,60.0,100.0,330
8.0,10.0,50.0,60.0,100.0,317
8.0,10.0,50.0,60.0,100.0,271
8.0,10.0,50.0,60.0,100.0,216
8.0,10.0,50.0,60.0,100.0,298
8.0,10.0,50.0,60.0,100.0,240
8.0,10.0,50.0,60.0,100.0,241
8.0,10.0,50.0,60.0,100.0,327
8.0,10.0,50.0,60.0,10.0,252
8.0,10.0,50.0,60.0,10.0,313
8.0,10.0,50.0,60.0,10.0,416
8.0,10.0,50.0,60.0,10.0,238
8.0,10.0,50.0,60.0,10.0,388
8.0,10.0,50.0,60.0,10.0,258
8.0,10.0,50.0,60.0,10.0,252
8.0,10.0,50.0,60.0,10.0,323
8.0,10.0,50.0,60.0,10.0,490
8.0,10.0,50.0,60.0,10.0,248
8.0,10.0,50.0,60.0,10.0,558
8.0,10.0,50.0,60.0,10.0,327
8.0,10.0,50.0,60.0,10.0,257
8.0,10.0,50.0,60.0,10.0,313
8.0,10.0,50.0,60.0,10.0,456
8.0,10.0,50.0,60.0,10.0,300
8.0,10.0,50.0,60.0,10.0,316
8.0,10.0,50.0,60.0,10.0,351
8.0,10.0,50.0,60.0,10.0,231
8.0,10.0,50.0,60.0,10.0,339
8.0,10.0,50.0,60.0,100.0,534
8.0,10.0,50.0,60.0,100.0,235
8.0,10.0,50.0,60.0,100.0,261
8.0,10.0,50.0,60.0,100.0,318
8.0,10.0,50.0,60.0,100.0,409
8.0,10.0,50.0,60.0,100.0,251
8.0,10.0,50.0,60.0,100.0,203
8.0,10.0,50.0,60.0,100.0,280
8.0,10.0,50.0,60.0,100.0,244
8.0,10.0,50.0,60.0,100.0,207
8.0,10.0,50.0,120.0,10.0,430
8.0,10.0,50.0,120.0,10.0,293
8.0,10.0,50.0,120.0,10.0,374
8.0,10.0,50.0,120.0,10.0,355
8.0,10.0,50.0,120.0,10.0,385
8.0,10.0,50.0,120.0,10.0,336
8.0,10.0,50.0,120.0,10.0,348
8.0,10.0,50.0,120.0,10.0,397
8.0,10.0,50.0,120.0,10.0,315
8.0,10.0,50.0,120.0,10.0,278
8.0,10.0,50.0,120.0,10.0,365
8.0,10.0,50.0,120.0,10.0,444
8.0,10.0,50.0,120.0,10.0,361
8.0,10.0,50.0,120.0,10.0,335
8.0,10.0,50.0,120.0,10.0,362
8.0,10.0,50.0,120.0,10.0,296
8.0,10.0,50.0,120.0,10.0,386
8.0,10.0,50.0,120.0,10.0,259
8.0,10.0,50.0,120.0,10.0,404
8.0,10.0,50.0,120.0,10.0,268
8.0,10.0,50.0,120.0,100.0,277
8.0,10.0,50.0,120.0,100.0,481
8.0,10.0,50.0,120.0,100.0,265
8.0,10.0,50.0,120.0,100.0,232
8.0,10.0,50.0,120.0,100.0,286
8.0,10.0,50.0,120.0,100.0,282
8.0,10.0,50.0,120.0,100.0,269
8.0,10.0,50.0,120.0,100.0,397
8.0,10.0,50.0,120.0,100.0,324
8.0,10.0,50.0,120.0,100.0,272
8.0,10.0,100.0,60.0,10.0,287
8.0,10.0,100.0,60.0,10.0,190
8.0,10.0,100.0,60.0,10.0,173
8.0,10.0,100.0,60.0,10.0,146
8.0,10.0,100.0,60.0,10.0,193
8.0,10.0,100.0,60.0,10.0,241
8.0,10.0,100.0,60.0,10.0,177
8.0,10.0,100.0,60.0,10.0,229
8.0,10.0,100.0,60.0,10.0,176
8.0,10.0,100.0,60.0,10.0,207
8.0,10.0,100.0,60.0,10.0,148
8.0,10.0,100.0,60.0,10.0,170
8.0,10.0,100.0,60.0,10.0,180
8.0,10.0,100.0,60.0,10.0,189
8.0,10.0,100.0,60.0,10.0,202
8.0,10.0,100.0,60.0,10.0,184
8.0,10.0,100.0,60.0,10.0,179
8.0,10.0,100.0,60.0,10.0,140
8.0,10.0,100.0,60.0,10.0,246
8.0,10.0,100.0,60.0,10.0,170
8.0,10.0,100.0,60.0,100.0,151
8.0,10.0,100.0,60.0,100.0,154
8.0,10.0,100.0,60.0,100.0,146
8.0,10.0,100.0,60.0,100.0,146
8.0,10.0,100.0,60.0,100.0,163
8.0,10.0,100.0,60.0,100.0,161
8.0,10.0,100.0,60.0,100.0,164
8.0,10.0,100.0,60.0,100.0,159
8.0,10.0,100.0,60.0,100.0,139
8.0,10.0,100.0,60.0,100.0,170
8.0,10.0,100.0,60.0,10.0,162
8.0,10.0,100.0,60.0,10.0,191
8.0,10.0,100.0,60.0,10.0,176
8.0,10.0,100.0,60.0,10.0,162
8.0,10.0,100.0,60.0,10.0,152
8.0,10.0,100.0,60.0,10.0,186
8.0,10.0,100.0,60.0,10.0,285
8.0,10.0,100.0,60.0,10.0,176
8.0,10.0,100.0,60.0,10.0,156
8.0,10.0,100.0,60.0,10.0,168
8.0,10.0,100.0,60.0,10.0,217
8.0,10.0,100.0,60.0,10.0,198
8.0,10.0,100.0,60.0,10.0,193
8.0,10.0,100.0,60.0,10.0,162
8.0,10.0,100.0,60.0,10.0,160
8.0,10.0,100.0,60.0,10.0,151
8.0,10.0,100.0,60.0,10.0,231
8.0,10.0,100.0,60.0,10.0,161
8.0,10.0,100.0,60.0,10.0,209
8.0,10.0,100.0,60.0,10.0,190
8.0,10.0,100.0,60.0,100.0,182
8.0,10.0,100.0,60.0,100.0,152
8.0,10.0,100.0,60.0,100.0,157
8.0,10.0,100.0,60.0,100.0,145
8.0,10.0,100.0,60.0,100.0,181
8.0,10.0,100.0,60.0,100.0,160
8.0,10.0,100.0,60.0,100.0,142
8.0,10.0,100.0,60.0,100.0,150
8.0,10.0,100.0,60.0,100.0,159
8.0,10.0,100.0,60.0,100.0,170
8.0,10.0,100.0,120.0,10.0,195
8.0,10.0,100.0,120.0,10.0,188
8.0,10.0,100.0,120.0,10.0,183
8.0,10.0,100.0,120.0,10.0,226
8.0,10.0,100.0,120.0,10.0,293
8.0,10.0,100.0,120.0,10.0,174
8.0,10.0,100.0,120.0,10.0,237
8.0,10.0,100.0,120.0,10.0,201
8.0,10.0,100.0,120.0,10.0,177
8.0,10.0,100.0,120.0,10.0,233
8.0,10.0,100.0,120.0,10.0,190
8.0,10.0,100.0,120.0,10.0,179
8.0,10.0,100.0,120.0,10.0,217
8.0,10.0,100.0,120.0,10.0,171
8.0,10.0,100.0,120.0,10.0,262
8.0,10.0,100.0,120.0,10.0,184
8.0,10.0,100.0,120.0,10.0,184
8.0,10.0,100.0,120.0,10.0,195
8.0,10.0,100.0,120.0,10.0,184
8.0,10.0,100.0,120.0,10.0,179
8.0,10.0,100.0,120.0,100.0,196
8.0,10.0,100.0,120.0,100.0,213
8.0,10.0,100.0,120.0,100.0,180
8.0,10.0,100.0,120.0,100.0,161
8.0,10.0,100.0,120.0,100.0,161
8.0,10.0,100.0,120.0,100.0,165
8.0,10.0,100.0,120.0,100.0,181
8.0,10.0,100.0,120.0,100.0,202
8.0,10.0,100.0,120.0,100.0,219
8.0,10.0,100.0,120.0,100.0,223
8.0,100.0,50.0,60.0,10.0,389
8.0,100.0,50.0,60.0,10.0,282
8.0,100.0,50.0,60.0,10.0,379
8.0,100.0,50.0,60.0,10.0,281
8.0,100.0,50.0,60.0,10.0,316
8.0,100.0,50.0,60.0,10.0,350
8.0,100.0,50.0,60.0,10.0,253
8.0,100.0,50.0,60.0,10.0,386
8.0,100.0,50.0,60.0,10.0,323
8.0,100.0,50.0,60.0,10.0,303
8.0,100.0,50.0,60.0,10.0,324
8.0,100.0,50.0,60.0,10.0,416
8.0,100.0,50.0,60.0,10.0,255
8.0,100.0,50.0,60.0,10.0,290
8.0,100.0,50.0,60.0,10.0,304
8.0,100.0,50.0,60.0,10.0,420
8.0,100.0,50.0,60.0,10.0,320
8.0,100.0,50.0,60.0,10.0,242
8.0,100.0,50.0,60.0,10.0,315
8.0,100.0,50.0,60.0,10.0,358
8.0,100.0,50.0,60.0,100.0,359
8.0,100.0,50.0,60.0,100.0,348
8.0,100.0,50.0,60.0,100.0,320
8.0,100.0,50.0,60.0,100.0,250
8.0,100.0,50.0,60.0,100.0,262
8.0,100.0,50.0,60.0,100.0,335
8.0,100.0,50.0,60.0,100.0,343
8.0,100.0,50.0,60.0,100.0,349
8.0,100.0,50.0,60.0,100.0,284
8.0,100.0,50.0,60.0,100.0,253
8.0,100.0,50.0,60.0,10.0,280
8.0,100.0,50.0,60.0,10.0,401
8.0,100.0,50.0,60.0,10.0,336
8.0,100.0,50.0,60.0,10.0,393
8.0,100.0,50.0,60.0,10.0,318
8.0,100.0,50.0,60.0,10.0,251
8.0,100.0,50.0,60.0,10.0,332
8.0,100.0,50.0,60.0,10.0,305
8.0,100.0,50.0,60.0,10.0,417
8.0,100.0,50.0,60.0,10.0,402
8.0,100.0,50.0,60.0,10.0,414
8.0,100.0,50.0,60.0,10.0,271
8.0,100.0,50.0,60.0,10.0,301
8.0,100.0,50.0,60.0,10.0,226
8.0,100.0,50.0,60.0,10.0,446
8.0,100.0,50.0,60.0,10.0,349
8.0,100.0,50.0,60.0,10.0,372
8.0,100.0,50.0,60.0,10.0,480
8.0,100.0,50.0,60.0,10.0,341
8.0,100.0,50.0,60.0,10.0,254
8.0,100.0,50.0,60.0,100.0,370
8.0,100.0,50.0,60.0,100.0,300
8.0,100.0,50.0,60.0,100.0,330
8.0,100.0,50.0,60.0,100.0,293
8.0,100.0,50.0,60.0,100.0,254
8.0,100.0,50.0,60.0,100.0,301
8.0,100.0,50.0,60.0,100.0,261
8.0,100.0,50.0,60.0,100.0,271
8.0,100.0,50.0,60.0,100.0,259
8.0,100.0,50.0,60.0,100.0,369
8.0,100.0,50.0,120.0,10.0,371
8.0,100.0,50.0,120.0,10.0,309
8.0,100.0,50.0,120.0,10.0,347
8.0,100.0,50.0,120.0,10.0,350
8.0,100.0,50.0,120.0,10.0,404
8.0,100.0,50.0,120.0,10.0,368
8.0,100.0,50.0,120.0,10.0,271
8.0,100.0,50.0,120.0,10.0,287
8.0,100.0,50.0,120.0,10.0,263
8.0,100.0,50.0,120.0,10.0,260
8.0,100.0,50.0,120.0,10.0,341
8.0,100.0,50.0,120.0,10.0,341
8.0,100.0,50.0,120.0,10.0,458
8.0,100.0,50.0,120.0,10.0,281
8.0,100.0,50.0,120.0,10.0,266
8.0,100.0,50.0,120.0,10.0,423
8.0,100.0,50.0,120.0,10.0,326
8.0,100.0,50.0,120.0,10.0,311
8.0,100.0,50.0,120.0,10.0,544
8.0,100.0,50.0,120.0,10.0,324
8.0,100.0,50.0,120.0,100.0,317
8.0,100.0,50.0,120.0,100.0,262
8.0,100.0,50.0,120.0,100.0,327
8.0,100.0,50.0,120.0,100.0,275
8.0,100.0,50.0,120.0,100.0,306
8.0,100.0,50.0,120.0,100.0,309
8.0,100.0,50.0,120.0,100.0,412
8.0,100.0,50.0,120.0,100.0,328
8.0,100.0,50.0,120.0,100.0,308
8.0,100.0,50.0,120.0,100.0,380
8.0,100.0,100.0,60.0,10.0,152
8.0,100.0,100.0,60.0,10.0,152
8.0,100.0,100.0,60.0,10.0,161
8.0,100.0,100.0,60.0,10.0,175
8.0,100.0,100.0,60.0,10.0,160
8.0,100.0,100.0,60.0,10.0,153
8.0,100.0,100.0,60.0,10.0,146
8.0,100.0,100.0,60.0,10.0,157
8.0,100.0,100.0,60.0,10.0,196
8.0,100.0,100.0,60.0,10.0,146
8.0,100.0,100.0,60.0,10.0,143
8.0,100.0,100.0,60.0,10.0,153
8.0,100.0,100.0,60.0,10.0,131
8.0,100.0,100.0,60.0,10.0,163
8.0,100.0,100.0,60.0,10.0,225
8.0,100.0,100.0,60.0,10.0,148
8.0,100.0,100.0,60.0,10.0,171
8.0,100.0,100.0,60.0,10.0,166
8.0,100.0,100.0,60.0,10.0,189
8.0,100.0,100.0,60.0,10.0,157
8.0,100.0,100.0,60.0,100.0,149
8.0,100.0,100.0,60.0,100.0,136
8.0,100.0,100.0,60.0,100.0,154
8.0,100.0,100.0,60.0,100.0,154
8.0,100.0,100.0,60.0,100.0,224
8.0,100.0,100.0,60.0,100.0,155
8.0,100.0,100.0,60.0,100.0,174
8.0,100.0,100.0,60.0,100.0,150
8.0,100.0,100.0,60.0,100.0,210
8.0,100.0,100.0,60.0,100.0,175
8.0,100.0,100.0,60.0,10.0,193
8.0,100.0,100.0,60.0,10.0,189
8.0,100.0,100.0,60.0,10.0,144
8.0,100.0,100.0,60.0,10.0,145
8.0,100.0,100.0,60.0,10.0,181
8.0,100.0,100.0,60.0,10.0,219
8.0,100.0,100.0,60.0,10.0,238
8.0,100.0,100.0,60.0,10.0,163
8.0,100.0,100.0,60.0,10.0,173
8.0,100.0,100.0,60.0,10.0,201
8.0,100.0,100.0,60.0,10.0,102
8.0,100.0,100.0,60.0,10.0,157
8.0,100.0,100.0,60.0,10.0,166
8.0,100.0,100.0,60.0,10.0,160
8.0,100.0,100.0,60.0,10.0,162
8.0,100.0,100.0,60.0,10.0,159
8.0,100.0,100.0,60.0,10.0,140
8.0,100.0,100.0,60.0,10.0,135
8.0,100.0,100.0,60.0,10.0,175
8.0,100.0,100.0,60.0,10.0,204
8.0,100.0,100.0,60.0,100.0,195
8.0,100.0,100.0,60.0,100.0,167
8.0,100.0,100.0,60.0,100.0,206
8.0,100.0,100.0,60.0,100.0,176
8.0,100.0,100.0,60.0,100.0,165
8.0,100.0,100.0,60.0,100.0,133
8.0,100.0,100.0,60.0,100.0,161
8.0,100.0,100.0,60.0,100.0,132
8.0,100.0,100.0,60.0,100.0,182
8.0,100.0,100.0,60.0,100.0,143
8.0,100.0,100.0,120.0,10.0,149
8.0,100.0,100.0,120.0,10.0,166
8.0,100.0,100.0,120.0,10.0,159
8.0,100.0,100.0,120.0,10.0,205
8.0,100.0,100.0,120.0,10.0,157
8.0,100.0,100.0,120.0,10.0,154
8.0,100.0,100.0,120.0,10.0,141
8.0,100.0,100.0,120.0,10.0,153
8.0,100.0,100.0,120.0,10.0,228
8.0,100.0,100.0,120.0,10.0,176
8.0,100.0,100.0,120.0,10.0,190
8.0,100.0,100.0,120.0,10.0,173
8.0,100.0,100.0,120.0,10.0,156
8.0,100.0,100.0,120.0,10.0,220
8.0,100.0,100.0,120.0,10.0,127
8.0,100.0,100.0,120.0,10.0,167
8.0,100.0,100.0,120.0,10.0,180
8.0,100.0,100.0,120.0,10.0,164
8.0,100.0,100.0,120.0,10.0,196
8.0,100.0,100.0,120.0,10.0,220
8.0,100.0,100.0,120.0,100.0,155
8.0,100.0,100.0,120.0,100.0,173
8.0,100.0,100.0,120.0,100.0,161
8.0,100.0,100.0,120.0,100.0,156
8.0,100.0,100.0,120.0,100.0,137
8.0,100.0,100.0,120.0,100.0,126
8.0,100.0,100.0,120.0,100.0,154
8.0,100.0,100.0,120.0,100.0,139
8.0,100.0,100.0,120.0,100.0,183
8.0,100.0,100.0,120.0,100.0,185
