"BehaviorSpace results (NetLogo 6.4.0)","Spreadsheet version 2.0"
"Flocking.nlogo"
"experiment"
"04/28/2024 21:11:15:262 +0300"
"min-pxcor","max-pxcor","min-pycor","max-pycor"
"-35","35","-35","35"
"[run number]","1","1","2","2","3","3","4","4","5","5","6","6","7","7","8","8","9","9","10","10","11","11","12","12"
"vision","3",,"3",,"3",,"3",,"6",,"6",,"6",,"6",,"9",,"9",,"9",,"9",
"max-align-turn","4",,"8",,"12",,"16",,"4",,"8",,"12",,"16",,"4",,"8",,"12",,"16",
"[reporter]","[step]","circular-mean","[step]","circular-mean","[step]","circular-mean","[step]","circular-mean","[step]","circular-mean","[step]","circular-mean","[step]","circular-mean","[step]","circular-mean","[step]","circular-mean","[step]","circular-mean","[step]","circular-mean","[step]","circular-mean"
"[final]","226","305.71113897581216","254","236.45042827199725","32","196.28541848361175","318","222.890509976083","99","49.80772795636318","113","327.9965931853444","268","188.58093789273894","92","265.191778906923","471","290.9568096616144","128","67.1660999738254","162","176.95929931677176","109","253.02992371742238"
"[min]","0","212.86575290571005","0","1.4536807810608252","0","195.96958484430064","0","219.43247930047693","0","32.1480049716742","0","0.8031747256843573","0","171.623305004219","0","252.91452099695096","0","1.4825831899797777","0","28.006731229186585","0","159.96909272874666","0","232.0133647665097"
"[max]","226","305.72075916834825","254","358.68050578518","32","281.0931426841421","318","255.44807051189156","99","177.57558836870874","113","359.5885027126688","268","311.1192117303809","92","275.6342544558319","471","359.30535651977976","128","357.9897224477088","162","199.870132774404","109","272.1709081651477"
"[mean]","113","256.31850760645403","127","187.93152835802445","16","223.69134159168692","159","227.50025599168214","49.5","84.31864885173025","56.5","238.87232101288419","134","198.9273626971851","46","262.6991516873965","235.5","257.5270590033535","64","75.57464599532535","81","181.17559064128469","54.5","244.08120499363932"
"[total steps]","226","226","254","254","32","32","318","318","99","99","113","113","268","268","92","92","471","471","128","128","162","162","109","109"

"[all run data]","[step]","circular-mean","[step]","circular-mean","[step]","circular-mean","[step]","circular-mean","[step]","circular-mean","[step]","circular-mean","[step]","circular-mean","[step]","circular-mean","[step]","circular-mean","[step]","circular-mean","[step]","circular-mean","[step]","circular-mean"
,"0","253.9917871066416","0","1.903848007465001","0","281.0931426841421","0","249.98909604502904","0","177.57558836870874","0","136.5730750288193","0","242.75109375517115","0","272.02767380421545","0","249.73465296618224","0","357.9897224477088","0","177.85481294123076","0","272.1709081651477"
,"1","256.3192705795378","1","346.008914363754","1","225.42813944472127","1","254.80290596557927","1","169.9266550873797","1","138.7999843615022","1","269.26706926610683","1","275.6342544558319","1","255.75096764716858","1","352.557657150381","1","180.38341361379324","1","263.70685707372826"
,"2","261.3838689558522","2","357.2360220318293","2","208.55876959925052","2","255.44807051189156","2","163.7286860824554","2","146.12284998345706","2","269.13207920676757","2","274.12759920665883","2","269.1724335729052","2","350.8344396911999","2","179.31071803806253","2","264.5468771818887"
,"3","260.22709048948855","3","3.444181353905549","3","235.44800050699172","3","251.2509577869747","3","158.0149215695933","3","135.9532357363547","3","269.2734515375215","3","273.0151294685941","3","275.45020021478615","3","28.006731229186585","3","181.8870122367549","3","258.44467289291765"
,"4","254.8532632303462","4","349.33849984160565","4","245.8235236605397","4","249.32346885045618","4","152.7083090432352","4","135.70450162895276","4","256.3790357217426","4","263.7957403987522","4","274.5544672538668","4","165.03987321397608","4","185.79147941888706","4","249.11254240691113"
,"5","255.11275309210106","5","4.002973487586814","5","230.88788307184046","5","245.80525361678946","5","138.79329770345157","5","130.60254584392584","5","258.31194249331963","5","258.10232261280726","5","275.86451764770356","5","157.54164370318222","5","188.19383109320884","5","250.63456336924108"
,"6","261.53423027798203","6","23.744177039478473","6","224.23082380242892","6","242.22346030960577","6","138.56894369680765","6","91.1814573911638","6","272.0508382213742","6","257.7319274540658","6","276.500575615549","6","137.56142573746786","6","182.87951220736036","6","253.19469341862407"
,"7","276.0955115820551","7","45.082543080014034","7","228.45155052148235","7","240.41306383216295","7","145.0862302587591","7","115.80944733142837","7","293.03357753227937","7","253.69432914404138","7","268.2757038193022","7","142.49847709125845","7","183.24493123690607","7","257.621471666971"
,"8","270.56128465524085","8","53.40951629978309","8","236.33197695734003","8","240.3819047184404","8","146.73829358124613","8","175.80415513706305","8","311.1192117303809","8","254.03181920902247","8","261.9769141987917","8","135.71004230774702","8","183.2847508639763","8","258.6892189155162"
,"9","264.04604333312284","9","55.029583406902304","9","242.46387322474357","9","239.04747561832158","9","148.33656462787513","9","213.58101861278922","9","306.60502078481386","9","252.91452099695096","9","227.66806052283098","9","131.36526143868622","9","181.25254146817804","9","257.6416284273547"
,"10","256.06138574607985","10","55.558480765405875","10","247.28482302501612","10","241.90768008918036","10","138.2698086326609","10","228.3843872934999","10","299.9546786639456","10","255.0370906479415","10","232.05338848437452","10","127.00918891562691","10","183.39285323237624","10","256.36998183830747"
,"11","234.3686185220294","11","56.813105918906786","11","248.67019068904477","11","242.91055852562582","11","132.30076071722124","11","239.32803152910583","11","295.2516627543019","11","255.74415462454527","11","263.70121705479073","11","129.95013488638716","11","179.61805848111374","11","253.40536350246478"
,"12","231.16715536087966","12","69.90120359197044","12","248.2355218617261","12","243.97325517080492","12","132.77561008329872","12","246.71796618335392","12","309.13126530068735","12","258.0330855017397","12","272.78463780969025","12","130.1977737087238","12","178.4231949428131","12","249.86894930295585"
,"13","235.37105830532727","13","69.5101184320456","13","245.18474267129804","13","245.62314864264994","13","119.40355336482276","13","248.0463301826096","13","294.6825259305893","13","260.98191744298543","13","282.3736764892057","13","123.82198844960607","13","177.42950190370584","13","248.13606791197512"
,"14","238.18783594749624","14","68.50095879353694","14","246.91061944964355","14","247.62545661341545","14","106.25566076146299","14","254.5201466067558","14","304.0086427898759","14","259.48323822407264","14","294.6991594805629","14","124.20257912739726","14","178.5004350200296","14","248.89614666062997"
,"15","239.68112886768336","15","71.62573328103292","15","241.10667099883895","15","245.0587739073194","15","92.76637948245803","15","276.4203028676243","15","291.3140146740974","15","256.50846735791225","15","297.6369181952077","15","126.4759473764064","15","172.7852763459025","15","250.91862420706585"
,"16","236.8134689621121","16","77.95001553008552","16","236.21725130039204","16","243.58208100567052","16","87.69688100744753","16","303.1200519434568","16","283.06581481607714","16","255.08333419471563","16","311.2223282469005","16","120.84186132597097","16","174.66848151046565","16","252.39055535880402"
,"17","237.75781503450952","17","76.56885170964102","17","230.5297488849787","17","244.3800322949877","17","69.64132419081284","17","330.4595304516988","17","274.99034145188784","17","255.98184383148208","17","313.84364650243504","17","118.75703082660306","17","183.97350928711805","17","251.8771144050939"
,"18","235.2072520139493","18","75.27020384397292","18","223.48205045320748","18","243.36793088796367","18","82.96725837677167","18","342.46093677435044","18","269.4317798115386","18","255.79833026798067","18","312.55004769684126","18","112.55197388520082","18","190.60796136023532","18","251.41245394382196"
,"19","234.86842953413375","19","66.34485465261236","19","216.02739770653193","19","240.86080011182804","19","85.30012719389208","19","4.224197539410056","19","256.32796767816467","19","256.5163759505615","19","316.073365690163","19","107.19249665448427","19","196.6488325119447","19","248.00867607197165"
,"20","236.83934836740207","20","59.45520372121638","20","211.76521193217246","20","235.9406190732582","20","90.40651642680308","20","12.252344930310983","20","258.2559669729075","20","258.4245419196151","20","318.82887029541223","20","110.04067221817371","20","199.870132774404","20","247.39961179527728"
,"21","238.54961774993802","21","70.03079575446765","21","210.13721906794436","21","233.55800177904896","21","92.56912006147974","21","30.861886264835448","21","261.8493315564825","21","258.7110557574614","21","313.6197682097409","21","107.84027667751451","21","199.54707365015273","21","247.94155083768408"
,"22","244.09457571490674","22","60.79401500205728","22","207.98781587320084","22","235.06465348803408","22","102.55156264254578","22","34.59717102046409","22","235.69743308689846","22","259.5996412587399","22","311.25377323309556","22","107.39761521562377","22","195.87964661841917","22","248.4700026564467"
,"23","252.49074048528308","23","59.07764029351273","23","204.96328841945586","23","235.8199026894863","23","111.79921131653668","23","39.12190780055761","23","226.09969592231963","23","261.40751428166453","23","303.5083699838193","23","104.89798093046755","23","189.4297056958156","23","247.86593899984058"
,"24","263.7887851995023","24","53.88276917608664","24","204.66878314660556","24","236.45670381781986","24","111.22926447192447","24","22.087266280698827","24","226.41459483258333","24","261.09999908885897","24","296.3526199652987","24","104.36631255283987","24","183.47901661073686","24","247.02606550659598"
,"25","267.1152335928356","25","52.555147843039606","25","202.95714354895162","25","239.71750001343503","25","113.47204063078175","25","327.583371603497","25","222.4109080206697","25","260.76671318361326","25","294.8360450588927","25","99.82734606548019","25","178.08096547670527","25","242.8747453096625"
,"26","264.74710998746934","26","57.05718726462652","26","207.13530182839273","26","238.5146959363939","26","102.2120009441183","26","322.37017333632747","26","212.8496793108041","26","259.4452165846645","26","286.6424767352923","26","99.27099973909174","26","175.47556979524165","26","243.92869411681824"
,"27","252.79470582771418","27","62.99585292767466","27","203.83552325406077","27","237.48922135260528","27","91.56818177642623","27","308.2090378348608","27","209.05838405055582","27","259.9091972915839","27","277.7487166511115","27","94.82150872648083","27","172.38996630860493","27","241.22215901010284"
,"28","248.49411538014294","28","55.157595765304904","28","200.36437369683344","28","235.00333122334604","28","84.08209387350769","28","325.8365951136569","28","204.5970869193611","28","260.04836383436964","28","274.15694301644345","28","88.97002348916976","28","173.95438282643374","28","240.73025659586392"
,"29","252.93210364820519","29","48.463403099909556","29","195.96958484430064","29","235.15701394296264","29","79.25824067324703","29","316.031428050705","29","196.84605002912224","29","259.8324305557336","29","267.01029656928364","29","81.50145801015367","29","174.8302183132389","29","239.7738612230464"
,"30","254.73583800453713","30","42.112960553647326","30","197.09012605594208","30","235.40533760504545","30","71.93591910410288","30","314.4267694037861","30","192.08499864053928","30","258.51187883995647","30","273.12254369151697","30","76.89990423279602","30","175.38357098212805","30","240.25264196772116"
,"31","247.64460101655584","31","46.1518201737743","31","196.2877818600391","31","236.54344480360908","31","74.06285714146554","31","308.55699003945784","31","189.16342604497075","31","258.43882979112476","31","275.22409371569455","31","71.2721733825428","31","176.47329669770943","31","239.505197766326"
,"32","240.23470872098804","32","45.37637206303805","32","196.28541848361175","32","234.58443189512707","32","76.08576731064369","32","308.788552439876","32","189.8789566046253","32","257.1449712996161","32","272.34917879043087","32","63.239806947403","32","176.19312026882255","32","238.5244295621112"
,"33","240.01660974311216","33","51.290429706676775",,,"33","233.73106101214307","33","71.0084107300728","33","322.5035790612936","33","186.7708008682885","33","258.67111406085814","33","274.63150497939324","33","59.332639265676505","33","176.49352780318748","33","238.01443963687973"
,"34","239.38414690346497","34","54.38406366368088",,,"34","232.7971734136175","34","70.91821325307797","34","339.4252506231336","34","185.72367460032925","34","259.88626505661387","34","276.85372808509976","34","57.72929737654124","34","173.42286145301136","34","237.9911950207223"
,"35","241.46613722110988","35","45.63448672244516",,,"35","232.90915601385683","35","75.59607315495418","35","334.50422003049215","35","182.72194769751022","35","260.3915854327443","35","274.40487002794526","35","56.340687584278726","35","174.4563707156932","35","239.98563442345815"
,"36","240.89640306956846","36","34.557566276686885",,,"36","233.2635265756445","36","69.05553227062444","36","341.3569821137264","36","183.16022848515607","36","261.95542668561586","36","268.962041110501","36","55.41008802235274","36","173.56174323633365","36","240.06825007798557"
,"37","240.92404006075554","37","31.542587223252553",,,"37","231.8955481084793","37","66.22817211114983","37","356.96153037617654","37","182.4551749938591","37","262.4017145369324","37","264.71435410686996","37","54.91287458289884","37","174.75467443502964","37","239.57997379824587"
,"38","238.17988090599755","38","31.484235434434197",,,"38","230.92656877817763","38","55.430631388283985","38","14.14317376130964","38","181.02749800168144","38","263.2271743875792","38","263.86425170580276","38","56.830235309506975","38","178.17672574181188","38","239.54473107313083"
,"39","241.574724900943","39","27.886844550074954",,,"39","228.99932456140706","39","56.57409840499423","39","24.43579292553187","39","183.1812970940755","39","263.45034390806467","39","259.67521684633107","39","59.31644608978655","39","182.7025151202324","39","239.06412692313046"
,"40","241.64475846720455","40","23.24060090456669",,,"40","229.66782854742","40","45.844930758627754","40","26.919623129450883","40","180.2324214544282","40","262.72180195634337","40","259.1381640694015","40","60.62163397412337","40","184.2908898864151","40","238.66257013806865"
,"41","242.4370186271732","41","18.782454284034714",,,"41","229.90396399748292","41","37.57342005936118","41","19.259753020151095","41","176.18771084029163","41","263.1125036822627","41","266.0556723037329","41","61.08021367398652","41","185.73544765609523","41","239.01482332833473"
,"42","237.22955667197027","42","34.18568944356099",,,"42","228.82731958142955","42","32.1480049716742","42","18.973356361764502","42","174.41131664845489","42","263.9590001272951","42","269.56473714575","42","63.13940039805078","42","188.95298792744794","42","239.8917892800461"
,"43","240.48147167633766","43","39.97346362824487",,,"43","228.20094558173415","43","34.6134381251033","43","13.263177315670248","43","171.623305004219","43","264.09603846725133","43","270.84749982846614","43","64.27657842669419","43","188.33948413900163","43","239.69626537959377"
,"44","245.14090641666496","44","37.18985630951789",,,"44","227.69263181821748","44","36.93215531730095","44","6.011228749176269","44","172.07309525245478","44","263.6369423208648","44","269.8440722528828","44","63.69188658838385","44","188.4506392166961","44","239.51475381543486"
,"45","246.77067798375478","45","38.142955829506036",,,"45","227.82761864950464","45","33.47050425336033","45","359.5885027126688","45","176.76683708167013","45","262.19584863878833","45","272.5525672346172","45","64.04555337237298","45","186.8535894784784","45","240.60539694596935"
,"46","237.28572687607766","46","38.83731067452226",,,"46","228.12864771628915","46","38.83918323254579","46","0.8031747256843573","46","176.62631283202813","46","262.4344341829565","46","278.9291370458688","46","64.48071919106286","46","185.18630938556518","46","240.67652844314273"
,"47","229.02378808364423","47","41.10227498268324",,,"47","227.14946754665615","47","39.03874440181147","47","358.4767417644512","47","173.27827521381903","47","262.229256631261","47","280.5077790952214","47","65.3927370106249","47","185.12529261783487","47","240.06622337688373"
,"48","228.2336593459341","48","47.6045203411623",,,"48","225.5447985032997","48","33.37913292453533","48","8.790255349468111","48","174.00317854001514","48","261.848191374528","48","282.358944818796","48","65.09469726154106","48","184.47594207544694","48","242.02346119344492"
,"49","229.79082661527886","49","48.20647979129586",,,"49","224.36459020858055","49","37.966669712053886","49","17.99503918132166","49","175.54933569536888","49","262.2737316332576","49","278.96334549711275","49","66.66368938111282","49","184.10411430553145","49","242.92013167267612"
,"50","234.14616383575296","50","52.86973300683718",,,"50","225.44451027197496","50","38.85101617213945","50","22.148081875320315","50","176.70384807370897","50","263.5056588303485","50","273.52404186807144","50","66.01065089284992","50","184.82826293917657","50","243.75153504299124"
,"51","240.35513644102986","51","54.14611960917938",,,"51","226.45108747257456","51","48.136720877809296","51","22.304336762803985","51","178.84624946887038","51","263.8596042007305","51","267.7302767571056","51","67.51886823547386","51","182.6693037125305","51","243.62648711369675"
,"52","242.56689941885617","52","59.049302025388556",,,"52","225.9528082067088","52","56.8919669311951","52","20.242288200793098","52","180.63918151355264","52","262.3948567757824","52","262.1362159693249","52","64.79396623395019","52","183.52041683040463","52","242.79202700639024"
,"53","242.26851403310872","53","59.153332201503474",,,"53","225.11950275530668","53","64.32768550427363","53","12.502896024330312","53","184.8718988744675","53","261.30949541826186","53","258.6637470269533","53","59.46804095177043","53","183.77025048484282","53","241.7260705433667"
,"54","243.6242223042488","54","60.61721190197841",,,"54","224.36295479023474","54","64.74412146692862","54","5.734713084404234","54","184.45063831777915","54","261.015211185897","54","262.97740390968056","54","53.72803775292641","54","184.72725549197477","54","239.67464126474283"
,"55","251.7659398571381","55","63.4307249063184",,,"55","224.33115598053826","55","62.98701627215132","55","3.4959253891731237","55","183.80413090135394","55","261.23620563541357","55","263.810366950309","55","52.05359624489893","55","181.49698117488256","55","236.6202435868849"
,"56","256.1526192783102","56","65.04359098997264",,,"56","223.46438056898128","56","62.84332931887616","56","1.1960389487826433","56","188.39519225495252","56","261.06052954168035","56","265.0309027987996","56","51.96784388388431","56","176.93903854740006","56","235.3910072046379"
,"57","252.55446043629502","57","62.65619855484255",,,"57","222.13892974471105","57","66.4296469758126","57","2.3048657300039395","57","186.59954621709628","57","261.5853510832161","57","265.38219944982524","57","52.334057803627616","57","172.2898113823304","57","234.1977005510294"
,"58","247.3506189717964","58","61.01021110381703",,,"58","223.42987930643693","58","71.24601480531743","58","353.6682322405385","58","185.40238781902565","58","262.04083659366046","58","266.13067839044135","58","50.845086705048004","58","171.12017206493692","58","233.1424385132824"
,"59","245.90917503218193","59","57.53959494562997",,,"59","224.40819249992478","59","75.56354515199973","59","348.72440411294684","59","185.9365669652846","59","263.1472894231736","59","265.4149699972071","59","51.2675535161859","59","166.40435618600327","59","233.7811720881058"
,"60","246.89680472655462","60","55.97508557737888",,,"60","224.2839124022583","60","85.96867847876041","60","340.970482247529","60","185.91041119716712","60","263.6705641067934","60","265.4911821624932","60","51.84655654033122","60","166.32978887130218","60","232.0133647665097"
,"61","250.36517915689285","61","48.592139957918334",,,"61","223.8266919618673","61","89.82205974794755","61","335.22754908407535","61","187.18430981097154","61","264.096524401993","61","265.6047921498432","61","52.87081072232411","61","166.0351225775256","61","232.9112608731552"
,"62","249.75226827345614","62","44.16040668249519",,,"62","224.52084233224676","62","92.75005541041565","62","330.1922644546457","62","187.77932290213377","62","263.75245728727964","62","266.74252063968487","62","51.94295943744828","62","166.50657478886671","62","233.9307908471008"
,"63","252.43792010999982","63","36.08485967333576",,,"63","225.6323218924048","63","90.17355936588143","63","323.5438447507207","63","184.98301428596446","63","263.73411812925855","63","265.6824934919379","63","51.444527844524316","63","168.9149879510777","63","233.44075738161052"
,"64","249.74229496619515","64","31.833198932285256",,,"64","225.18588329860899","64","84.92098933246893","64","321.3075746465959","64","184.20810134846164","64","264.3765031333072","64","265.62998046586677","64","51.48802935375471","64","170.32215799405935","64","234.07938870965927"
,"65","249.38185155584145","65","30.54784062044712",,,"65","224.73030923918643","65","68.28697776756366","65","319.0135812796633","65","185.48618790581733","65","266.0619441811224","65","268.2301832476735","65","51.71381968599036","65","171.52096378865565","65","234.51792210638217"
,"66","245.4063883521182","66","28.984892779495965",,,"66","224.98948361444434","66","59.467905551262106","66","314.3327861470558","66","185.60989159374984","66","266.89259756213323","66","265.7904968566785","66","54.173841601386926","66","172.9612595138916","66","235.027100817274"
,"67","241.8276841568952","67","34.11563571275872",,,"67","225.8147906554673","67","48.776241746115716","67","313.9257668577549","67","185.22560916962937","67","266.8186870609312","67","266.48909479345303","67","55.98399922946726","67","171.7738984592005","67","235.87325388109548"
,"68","240.92263354010845","68","31.891477689839803",,,"68","225.8576678784668","68","53.356302809605666","68","310.7307727332459","68","184.98997264674136","68","267.5194601612649","68","263.9070355742884","68","54.878160982467364","68","170.35730487268438","68","235.82337442987443"
,"69","235.46180719096003","69","24.70143495535291",,,"69","225.35590225378903","69","74.3005489748557","69","306.231479931912","69","182.61131118416844","69","268.57536709216964","69","262.28612329751377","69","53.93720776758033","69","170.72614162574587","69","235.29073661422422"
,"70","240.38309298656026","70","28.63870672036478",,,"70","225.29091418239224","70","84.08805765327082","70","308.85927294025396","70","184.7669944518041","70","269.07530472495756","70","259.98514778020353","70","53.45985258222487","70","169.46812870349152","70","234.6982840058091"
,"71","242.44994113287424","71","33.023643150005455",,,"71","225.34420645237833","71","86.94971359000351","71","307.61975715021845","71","186.99343161701603","71","268.1636804406419","71","257.11270037863494","71","53.76509562535347","71","168.07893193898565","71","234.56009692864484"
,"72","242.66230455788678","72","39.405889631438185",,,"72","226.1303247002091","72","96.74059855819257","72","310.6790778999746","72","186.5330162491586","72","268.2861623581724","72","249.43266152388156","72","54.25224129111666","72","167.67390110806127","72","233.70648211877722"
,"73","246.46123934804103","73","41.80328196710445",,,"73","225.70361011312693","73","101.77516538868463","73","315.22720630495155","73","191.02153947130532","73","268.2508271764136","73","240.9178309741432","73","55.52635754476472","73","165.88782674008166","73","234.12976804279248"
,"74","254.23232051526367","74","43.39917992950291",,,"74","225.53453560934204","74","108.47519109669537","74","317.0481454384662","74","194.02963838767283","74","267.28685586328083","74","235.08321086464613","74","56.77488396876879","74","165.12929542767324","74","234.7372746818619"
,"75","254.6883856536678","75","44.054627181270405",,,"75","225.12611077670854","75","106.87251384498126","75","317.40830604543464","75","195.3106373114116","75","265.6976949989563","75","228.3541642334327","75","57.72391849416374","75","162.9541085453243","75","236.23298205320083"
,"76","247.39209592245095","76","42.678500244185045",,,"76","225.82819740700575","76","102.30652219759918","76","319.39968269566623","76","189.42973198557084","76","266.2841072597221","76","231.4586885277282","76","57.066879784430284","76","161.46578379495918","76","237.19195899302238"
,"77","246.4090355212487","77","43.32886177665608",,,"77","226.4947835227202","77","100.01928477888202","77","323.5946861373526","77","185.81966755746396","77","266.50222541678124","77","233.0065668357219","77","54.761799942382936","77","160.57474277732672","77","237.88033255492047"
,"78","245.51967878746572","78","39.039828441824284",,,"78","226.4051123392749","78","100.71064585962438","78","323.8107742236741","78","185.33054540306554","78","266.42087148742496","78","234.416502474686","78","54.25204570437063","78","159.96909272874666","78","237.73808311248524"
,"79","257.1850269162589","79","29.798822998862136",,,"79","225.26046573465223","79","103.90108663832939","79","324.01870682753145","79","185.61657983296018","79","265.76276435986756","79","238.27658686436303","79","53.3435280763635","79","161.28485660170122","79","237.30302877009441"
,"80","262.7537072448796","80","33.036612597773626",,,"80","224.6377896545536","80","108.31043252049182","80","322.4125188327737","80","189.74821461869467","80","265.83531358172434","80","241.32616521857432","80","52.85177108379645","80","162.52549397641667","80","238.16967642630522"
,"81","262.001715332694","81","25.50549981857199",,,"81","223.32869792381436","81","108.36896730839095","81","320.3137921615907","81","193.02523920732534","81","264.9489524923223","81","242.06403531698396","81","52.1228685848842","81","163.80512826355277","81","238.6951268475753"
,"82","251.3277693664665","82","26.316826652824886",,,"82","223.16740975846415","82","101.19031888052871","82","316.6855796462342","82","194.31922512587607","82","265.5284238696505","82","240.93219570337345","82","51.4396025194373","82","165.0190567749205","82","239.33980254532077"
,"83","247.13007216236846","83","27.90322007730998",,,"83","224.27465471240333","83","97.55831556397743","83","318.8707564946851","83","196.31530018362633","83","266.22257818505614","83","238.01344203821083","83","50.24622143847063","83","167.59696850081627","83","240.6839850030857"
,"84","242.6799228029393","84","36.38479624652757",,,"84","225.37619212832865","84","94.3996763379281","84","317.0854027214141","84","198.09709656273557","84","265.683967184024","84","235.54002812423806","84","49.23049935774952","84","170.94848537099415","84","240.05774192936707"
,"85","238.1826636179768","85","29.426957548928556",,,"85","226.64811390265396","85","87.70220030542146","85","317.83672392238","85","204.70816005338136","85","264.9198211776478","85","232.93675424037582","85","48.63459587033333","85","171.5237615223915","85","240.59670844502926"
,"86","236.689106131038","86","15.198562364762438",,,"86","226.50625883138565","86","76.91568309831825","86","317.9519118262002","86","208.89031606884953","86","264.4987289399847","86","230.42224572490912","86","47.054167911103264","86","173.59528914228633","86","241.9347680685977"
,"87","241.59094411803727","87","11.202606214967318",,,"87","225.68967857899295","87","72.0478784508905","87","317.224942665079","87","212.0742329581347","87","264.3928011267792","87","229.2438639695567","87","45.252238549832896","87","174.2069500141423","87","243.3859002702784"
,"88","247.8655057297421","88","11.381491045723578",,,"88","225.96605989412842","88","67.07346390147922","88","316.4271173731566","88","209.80197205992488","88","264.50532919005065","88","227.6514884725701","88","42.82763111288301","88","175.72106546836017","88","245.2314978891804"
,"89","239.2294466316026","89","75.48213593929563",,,"89","226.42446983157387","89","60.04452998195279","89","316.7852752521054","89","213.59767067661787","89","264.4072917676335","89","227.20931885750676","89","43.66140112003649","89","175.33760735259227","89","245.66614512007538"
,"90","238.16732758219095","90","105.08482133529583",,,"90","226.0229515072041","90","60.70101184658233","90","316.5592743021113","90","211.5790814642281","90","265.24062776612357","90","228.99181242013233","90","42.40362204481448","90","174.76513254482757","90","245.8251192374218"
,"91","234.62529689782815","91","101.12383319150831",,,"91","226.15750292059096","91","64.88751283721245","91","319.0767303384653","91","208.2891767124022","91","265.18685528422776","91","228.15791552215913","91","41.13925237216722","91","175.32434154155385","91","246.5419398065983"
,"92","235.97935139165347","92","131.1459199391873",,,"92","225.59886281713403","92","67.5355948777522","92","321.28939116516966","92","209.5652898285704","92","265.191778906923","92","230.15901792372685","92","41.552583225105366","92","176.37599605132414","92","247.55756450249885"
,"93","236.19292649363243","93","104.52718111144986",,,"93","225.1445390742254","93","68.72906292675111","93","320.07418913440335","93","206.05877828106708",,,"93","230.77392316519888","93","40.945223465912704","93","176.63902519304838","93","247.69281811044567"
,"94","229.77342334725876","94","99.7333291975483",,,"94","224.48776110033137","94","63.42619902550615","94","319.2495141254111","94","201.55146662111545",,,"94","232.63670719190822","94","42.61298449504483","94","177.78174266249243","94","247.40455883918818"
,"95","217.65411576543923","95","100.44723715875762",,,"95","224.03641646766832","95","58.459508547470136","95","321.56887395797503","95","196.5842603832421",,,"95","233.21001557913195","95","42.917792064617174","95","179.5506519459309","95","248.28604420168227"
,"96","212.86575290571005","96","142.25752776882086",,,"96","225.2851753133373","96","51.837415334842206","96","322.8539019730888","96","200.0118426223962",,,"96","234.40200327360796","96","42.6931971553729","96","180.62095088050904","96","248.88944867891504"
,"97","219.67681693403424","97","150.39919545688667",,,"97","226.37187245141348","97","48.66712644289021","97","323.30266394864634","97","202.50230117837992",,,"97","235.9226238270424","97","43.6752594351953","97","182.28838487593924","97","249.88058146987228"
,"98","228.83999264802824","98","125.65693900517556",,,"98","225.8320309108026","98","49.81415148715655","98","320.6987188529361","98","207.51460563809167",,,"98","240.02715636255027","98","43.661197099880155","98","183.94260075762833","98","250.64549030481385"
,"99","232.53141224666768","99","115.42727637755854",,,"99","224.75280278471368","99","49.80772795636318","99","319.6186325664241","99","210.0138078103047",,,"99","243.72541828255112","99","45.36912333601924","99","185.59929250809648","99","251.36622390719776"
,"100","233.898106725243","100","82.1029088920082",,,"100","224.61852840600685",,,"100","321.7293750999287","100","212.37692044483722",,,"100","246.65060472669973","100","49.317114386776325","100","186.84210542833398","100","251.46315669317275"
,"101","237.16582095934254","101","67.06447608606015",,,"101","225.25403183180475",,,"101","323.26408670029815","101","213.64523880662668",,,"101","251.57753927063357","101","52.241968972370444","101","187.54728526748562","101","252.0953244719209"
,"102","239.73241489240144","102","82.99885542690521",,,"102","225.3724414389318",,,"102","322.3366735178792","102","212.97271570224058",,,"102","253.51206676547443","102","55.3287017994835","102","186.45412797078848","102","252.82295627767417"
,"103","245.38911670817794","103","83.34347092583369",,,"103","226.22281503100197",,,"103","321.40949281152365","103","215.9178567675835",,,"103","257.4121715705991","103","58.34107967880709","103","186.78958630979184","103","252.56821585533535"
,"104","241.28092586791226","104","63.59014555621218",,,"104","226.6245262723778",,,"104","322.17592848489977","104","215.13957541745555",,,"104","258.17378564848354","104","58.135758989863234","104","186.65001992307577","104","252.8691468344618"
,"105","236.34342347130374","105","55.66034981726693",,,"105","226.9832117366834",,,"105","323.51275556312896","105","214.45914098494035",,,"105","260.4555220315602","105","58.95440001732027","105","187.31230213565556","105","252.6449109086704"
,"106","235.3013568595997","106","64.63292384625117",,,"106","227.10186726908168",,,"106","326.5457467815046","106","213.18442718586624",,,"106","262.6164464105281","106","59.777765041576174","106","189.19118229675317","106","252.30991033835676"
,"107","233.77220661104462","107","49.320558231505856",,,"107","226.66527889404483",,,"107","325.9165322306916","107","212.95038767069363",,,"107","264.2843910751924","107","60.42014514377604","107","189.2944273310623","107","252.56683259110739"
,"108","235.4187770576921","108","19.844802909116595",,,"108","226.8787852799029",,,"108","327.0060584421737","108","212.8627254492297",,,"108","264.052842711277","108","60.991025355184036","108","191.08970298073737","108","253.0386488091068"
,"109","230.95626038849352","109","14.302070136448094",,,"109","227.0615497364692",,,"109","322.70011139093856","109","213.92287619379545",,,"109","262.75460588022486","109","61.06732340375413","109","193.55011928829435","109","253.02992371742238"
,"110","225.4089473503393","110","2.935016820465137",,,"110","227.813510393876",,,"110","324.50374522720614","110","214.37763282155535",,,"110","262.80834754852447","110","60.392328290204716","110","193.53046517540668",,
,"111","225.96516420665134","111","14.158122186985906",,,"111","227.75647691371194",,,"111","325.0489360451678","111","215.57239368641547",,,"111","265.5299544200048","111","59.564317740501394","111","195.66011227993891",,
,"112","230.35507245480943","112","2.844886714076665",,,"112","227.79173999119863",,,"112","328.0001208142302","112","215.87990260598212",,,"112","268.7829520191723","112","59.37865620860981","112","197.46081405043392",,
,"113","235.42499030726458","113","3.1663014051769096",,,"113","227.90942286889282",,,"113","327.9965931853444","113","216.24156563814944",,,"113","270.04747331919987","113","58.659761890534696","113","198.0235923550671",,
,"114","235.60829666890606","114","6.617430450713812",,,"114","227.81559444522026",,,,,"114","215.14655282766637",,,"114","268.38076673067565","114","58.87371446351881","114","196.9821181121417",,
,"115","240.13781613210423","115","6.637384850881745",,,"115","228.48282590228217",,,,,"115","211.18213778161834",,,"115","266.8797923274488","115","58.768638316195336","115","195.5652996458434",,
,"116","245.9593427643817","116","357.9319646089539",,,"116","228.69078516740888",,,,,"116","206.85356558550674",,,"116","266.2811885853838","116","58.03080305558899","116","194.85671640717536",,
,"117","248.22227339421033","117","352.1537298843571",,,"117","228.1549704498567",,,,,"117","204.60190882885945",,,"117","266.5705964725473","117","59.73445998890071","117","194.53084867839686",,
,"118","251.13193805632642","118","348.9122055679933",,,"118","229.22484058688795",,,,,"118","204.40980015279018",,,"118","266.40772634054935","118","60.78247727889294","118","193.81619667112147",,
,"119","252.92291864590806","119","342.6024767259051",,,"119","229.5324659929429",,,,,"119","204.94894589636175",,,"119","268.24691770751986","119","61.52455198310929","119","192.99354951824284",,
,"120","254.53521667460905","120","340.93549657534436",,,"120","229.32807630072534",,,,,"120","204.19374787873517",,,"120","270.03500349567685","120","62.39361010492752","120","190.72756612168882",,
,"121","252.16011698990098","121","338.23814682594946",,,"121","229.12103396459273",,,,,"121","204.2841765615076",,,"121","274.78007947532046","121","62.93758684644695","121","191.15455126991492",,
,"122","251.17158189282696","122","344.1377116556562",,,"122","228.40993860916382",,,,,"122","203.6353693511072",,,"122","278.3066453482022","122","63.492863273242904","122","192.48850931325674",,
,"123","250.92682851521374","123","340.9649562312708",,,"123","227.61078083024447",,,,,"123","203.22741531418507",,,"123","280.03251207142085","123","64.56039245643899","123","193.11616047161093",,
,"124","257.51630626059773","124","352.4381708693209",,,"124","226.4750605109058",,,,,"124","202.04911277065904",,,"124","282.4701801571124","124","65.99991570463334","124","194.0124565995533",,
,"125","254.89745075807457","125","350.94112313228123",,,"125","226.78260794650652",,,,,"125","200.19136258278346",,,"125","284.20284610934533","125","67.48790280343007","125","194.19237791534488",,
,"126","252.03275073680445","126","348.98153938535114",,,"126","226.51472577393017",,,,,"126","198.93335784541486",,,"126","284.5027174335462","126","67.34173936414072","126","193.45614101321326",,
,"127","253.7720355336055","127","349.65817308073787",,,"127","226.77396233071767",,,,,"127","198.8694467336303",,,"127","283.54740066859364","127","67.16707535849696","127","193.3824330789663",,
,"128","252.60969506757942","128","350.27936878477124",,,"128","226.8220922605448",,,,,"128","198.6147453819291",,,"128","282.08987057616923","128","67.1660999738254","128","192.559369243956",,
,"129","249.34516202669047","129","348.4096244987222",,,"129","227.17236294523798",,,,,"129","200.77754234399",,,"129","277.16614039207593",,,"129","191.22237032579665",,
,"130","251.6385483846032","130","343.37962580721654",,,"130","226.66146224448875",,,,,"130","199.70071333078997",,,"130","271.4743963767311",,,"130","189.7511183991778",,
,"131","247.0118361849356","131","342.76624249649706",,,"131","226.95360347913575",,,,,"131","200.66982612621192",,,"131","269.99956945955273",,,"131","188.26374021437485",,
,"132","247.87087304471117","132","330.64613836202875",,,"132","227.57885686162388",,,,,"132","200.84225193667618",,,"132","270.17268730033095",,,"132","186.6713011059362",,
,"133","242.95519787282504","133","323.9718857440161",,,"133","227.28693718331976",,,,,"133","198.9982218441203",,,"133","271.10502771879715",,,"133","186.52089176190427",,
,"134","244.69028703702605","134","318.19449797808255",,,"134","227.57536240209936",,,,,"134","197.47733160290855",,,"134","272.5164799014942",,,"134","186.14921912751907",,
,"135","246.33611378248077","135","320.63996316403654",,,"135","226.96387571552415",,,,,"135","193.56152302599003",,,"135","275.6452251663476",,,"135","185.64632432223166",,
,"136","245.55832444106608","136","322.8146661845224",,,"136","227.01606160080655",,,,,"136","191.86010308261902",,,"136","274.77438121103455",,,"136","185.81702840001304",,
,"137","246.50788171320102","137","317.2123264739498",,,"137","227.6339535856345",,,,,"137","191.6226612253521",,,"137","273.7333154556554",,,"137","187.3184015673902",,
,"138","244.44115291374143","138","315.92082616618995",,,"138","228.35114260655894",,,,,"138","191.4959679947269",,,"138","271.4897577941577",,,"138","187.08262711844029",,
,"139","245.84737821385386","139","330.1321281624249",,,"139","227.99357785213567",,,,,"139","190.82560823700993",,,"139","270.4903418339821",,,"139","187.27767852412038",,
,"140","248.00635189257545","140","331.2613217298938",,,"140","227.65103381339682",,,,,"140","190.00889357558538",,,"140","272.12121003164617",,,"140","186.96529818851076",,
,"141","249.96937136372395","141","333.8438186601203",,,"141","227.54645068119606",,,,,"141","188.53745963762262",,,"141","272.4763340823852",,,"141","186.47539642696174",,
,"142","254.94696131864072","142","340.03435759350003",,,"142","227.29429184800432",,,,,"142","188.344774018495",,,"142","274.6558377231146",,,"142","187.2885180879854",,
,"143","259.16380207185836","143","345.105899028649",,,"143","227.39746267205734",,,,,"143","189.36249114679597",,,"143","276.1055242315094",,,"143","187.33315404568697",,
,"144","257.17163191779275","144","344.74884190647066",,,"144","227.58211532473007",,,,,"144","189.83696614316264",,,"144","276.93794123085206",,,"144","186.82906839571112",,
,"145","255.51345150284436","145","347.04587288237275",,,"145","227.94907875870572",,,,,"145","191.4130747732062",,,"145","281.1970534576061",,,"145","185.381042104818",,
,"146","256.5703132569842","146","346.35282454492375",,,"146","228.21576892080574",,,,,"146","189.4654389307511",,,"146","284.9956659209642",,,"146","183.57006895305528",,
,"147","252.31231510892184","147","354.8104342410029",,,"147","227.83203875011935",,,,,"147","188.07586858997257",,,"147","287.71111018774275",,,"147","182.02834655458457",,
,"148","251.8540037837823","148","6.81908331370181",,,"148","227.55132872351678",,,,,"148","187.1031748116757",,,"148","288.61865071245404",,,"148","181.1927683420382",,
,"149","256.6080943834548","149","23.233457618103216",,,"149","227.7457365332042",,,,,"149","187.69187794385593",,,"149","289.69211032811995",,,"149","180.90233600321758",,
,"150","261.01750656831115","150","19.683130998091713",,,"150","228.34574425695746",,,,,"150","186.410198769867",,,"150","290.51791149770764",,,"150","181.04594075995553",,
,"151","262.0846024967297","151","11.053598592771323",,,"151","228.53686945434706",,,,,"151","187.0110491102797",,,"151","290.8887629848338",,,"151","180.4638417245877",,
,"152","260.63842903160617","152","2.4919835021011636",,,"152","228.24200450793074",,,,,"152","187.84591841341208",,,"152","292.63437264223313",,,"152","179.94770269256196",,
,"153","261.94753992523096","153","345.1003865242783",,,"153","227.06715301444453",,,,,"153","188.63970242853614",,,"153","298.10590018002716",,,"153","179.4905816552947",,
,"154","265.705100654313","154","349.45796777746057",,,"154","225.98585660776328",,,,,"154","188.76079312180758",,,"154","298.1524543727078",,,"154","179.83444916344183",,
,"155","266.21150463763615","155","3.371249097619568",,,"155","224.6401930499998",,,,,"155","187.69784725224085",,,"155","294.51093505581804",,,"155","179.44593112182793",,
,"156","266.74420736074876","156","353.2196997351748",,,"156","223.890846008874",,,,,"156","187.31375008600676",,,"156","291.3957600894504",,,"156","179.6589889183324",,
,"157","269.5040368622911","157","333.3158466513449",,,"157","225.4532563138486",,,,,"157","188.10107000390514",,,"157","287.36308555948307",,,"157","179.17002875503",,
,"158","268.8407137455526","158","334.00549686433413",,,"158","225.50245889666067",,,,,"158","189.00294693899636",,,"158","283.14687172053027",,,"158","177.4769380947057",,
,"159","268.0158264870665","159","332.5905972725303",,,"159","224.54552463245838",,,,,"159","191.07488555795774",,,"159","280.7462348243327",,,"159","176.6115332460372",,
,"160","269.1536097481282","160","329.0972292673357",,,"160","224.1920334368099",,,,,"160","191.93306027569395",,,"160","279.34393608682365",,,"160","176.57963452567412",,
,"161","266.36028785819695","161","325.63294104882505",,,"161","223.68868143189314",,,,,"161","192.49867012483574",,,"161","278.7552660635568",,,"161","176.95003783448863",,
,"162","262.2763760728156","162","321.76148237106077",,,"162","223.7708957188462",,,,,"162","192.53463789758965",,,"162","276.57518739803345",,,"162","176.95929931677176",,
,"163","263.0589700165267","163","315.2469928016854",,,"163","224.2978307358542",,,,,"163","193.1197355273907",,,"163","273.7724654219169",,,,,,
,"164","260.8193260446121","164","306.67570310658186",,,"164","223.55832381229965",,,,,"164","191.02434015209977",,,"164","270.73567920645024",,,,,,
,"165","263.72980125069375","165","312.72113016819316",,,"165","224.11133183717808",,,,,"165","191.48145036746246",,,"165","270.65984724316536",,,,,,
,"166","266.8094918635976","166","302.4412105515303",,,"166","224.59396262191188",,,,,"166","192.48996475654124",,,"166","269.3610469131023",,,,,,
,"167","268.75054041780953","167","300.53221087664247",,,"167","225.63100406308428",,,,,"167","192.84716350884622",,,"167","263.883121263878",,,,,,
,"168","271.67212696737545","168","311.74730819406216",,,"168","224.8039789718297",,,,,"168","192.37912133940097",,,"168","266.10461530773415",,,,,,
,"169","269.80911098750073","169","314.6056229559589",,,"169","224.2226192485856",,,,,"169","190.90546364270668",,,"169","265.47775220323695",,,,,,
,"170","270.16725081010196","170","314.9154955264492",,,"170","223.38959661710686",,,,,"170","190.41161957960222",,,"170","264.900081552727",,,,,,
,"171","270.75020158173163","171","334.68493431600996",,,"171","222.7682696196861",,,,,"171","190.73247931787373",,,"171","267.4706338912603",,,,,,
,"172","276.22897533967574","172","346.519044816827",,,"172","222.78122107670805",,,,,"172","191.031942542016",,,"172","270.6370879352637",,,,,,
,"173","276.3508699146378","173","348.57781563960856",,,"173","222.8955534511899",,,,,"173","191.83502931192612",,,"173","275.0240352074181",,,,,,
,"174","275.35867301140365","174","356.91494474897894",,,"174","223.1164059112172",,,,,"174","191.89958978490256",,,"174","278.85297769347517",,,,,,
,"175","274.58794083288996","175","358.44264601514624",,,"175","223.27629464729142",,,,,"175","191.2224887188011",,,"175","281.8255604404597",,,,,,
,"176","274.1787243272348","176","356.17222270016015",,,"176","223.37190238150683",,,,,"176","190.48407900902694",,,"176","285.9075538502127",,,,,,
,"177","271.5219818565366","177","4.593285238771614",,,"177","222.81424153338475",,,,,"177","189.582009535022",,,"177","288.3534299526522",,,,,,
,"178","273.6306204853636","178","353.270603003586",,,"178","221.7464925813612",,,,,"178","189.62826384387515",,,"178","291.5220467306956",,,,,,
,"179","273.6829997580668","179","350.50920140318203",,,"179","222.15022545444603",,,,,"179","189.15159589746375",,,"179","294.25486217508086",,,,,,
,"180","273.7079032770963","180","357.09199172215796",,,"180","222.85039572032107",,,,,"180","187.23487157096142",,,"180","289.57595296768625",,,,,,
,"181","270.8258217764494","181","358.68050578518",,,"181","223.7406889934078",,,,,"181","186.41995830428127",,,"181","287.16736540374575",,,,,,
,"182","271.2565830662531","182","1.4536807810608252",,,"182","224.00546271530095",,,,,"182","184.74953896777473",,,"182","284.70333704979413",,,,,,
,"183","273.3501159676598","183","356.9768552101102",,,"183","224.46772376094407",,,,,"183","183.04110081040324",,,"183","284.85559039086894",,,,,,
,"184","270.78136522233865","184","346.242418540224",,,"184","224.70300174255968",,,,,"184","181.17768712318258",,,"184","284.06032012674257",,,,,,
,"185","269.7546062665276","185","331.5655543138137",,,"185","225.52993270628048",,,,,"185","180.55126959853203",,,"185","282.50050123388655",,,,,,
,"186","268.45374854290776","186","325.99073569821553",,,"186","224.63509745262667",,,,,"186","181.4160099724738",,,"186","279.8484893915994",,,,,,
,"187","267.267153648854","187","329.3060878502036",,,"187","223.83887608047823",,,,,"187","184.0161954429251",,,"187","281.7015972649228",,,,,,
,"188","265.8849573787484","188","332.9737756797299",,,"188","223.3753922626093",,,,,"188","184.4339079594852",,,"188","281.78427516165857",,,,,,
,"189","265.2951989816987","189","339.7889030659541",,,"189","223.58349707019852",,,,,"189","185.6795848649564",,,"189","282.65518821924417",,,,,,
,"190","266.29752391410557","190","338.1113015050538",,,"190","223.76246026702324",,,,,"190","186.4549064065081",,,"190","280.07872329352904",,,,,,
,"191","268.90035781087715","191","333.08682437656205",,,"191","224.66213185753713",,,,,"191","186.723866023439",,,"191","276.5791104502093",,,,,,
,"192","271.418539721979","192","329.93427993620844",,,"192","224.10344852905638",,,,,"192","187.50054342382083",,,"192","277.301828270374",,,,,,
,"193","271.68709551828056","193","330.0775861436489",,,"193","224.31590437794603",,,,,"193","188.61208088581418",,,"193","276.77702588427155",,,,,,
,"194","270.1671605014885","194","330.67417105366627",,,"194","225.42792213276786",,,,,"194","188.46627473266966",,,"194","283.6650565720236",,,,,,
,"195","268.6648475098708","195","333.4011268381764",,,"195","225.49314077094354",,,,,"195","187.88823605813104",,,"195","283.60992213282475",,,,,,
,"196","266.74738992000925","196","331.9314395414786",,,"196","225.57346687130433",,,,,"196","187.5885343901173",,,"196","286.9226648137182",,,,,,
,"197","265.83422157293","197","330.4840983156459",,,"197","225.9054579109902",,,,,"197","187.0523080929154",,,"197","291.91485157517303",,,,,,
,"198","268.1417716630617","198","322.9314985129628",,,"198","226.53885893683218",,,,,"198","186.81139610829158",,,"198","297.50656738267185",,,,,,
,"199","272.8331651136292","199","322.16337423482173",,,"199","226.4201964038091",,,,,"199","186.7988733092468",,,"199","299.5024728476233",,,,,,
,"200","276.4779784687793","200","324.260187758194",,,"200","226.89349900870755",,,,,"200","187.13957984621948",,,"200","304.06603207928197",,,,,,
,"201","278.73517735349543","201","328.2823827643307",,,"201","227.1555116899474",,,,,"201","188.77393887830382",,,"201","310.28563146856254",,,,,,
,"202","283.97037674409313","202","328.64395835823495",,,"202","226.59815444872848",,,,,"202","187.76382551903527",,,"202","309.62793449389557",,,,,,
,"203","287.3239222407849","203","334.1274538746953",,,"203","227.03453126408965",,,,,"203","185.670563124346",,,"203","315.50356272871187",,,,,,
,"204","290.42676868994215","204","336.11895048969825",,,"204","227.3800196986098",,,,,"204","184.3037501725766",,,"204","317.7901375763132",,,,,,
,"205","294.12353901482794","205","333.61380321956324",,,"205","227.28511888559726",,,,,"205","182.9781502873828",,,"205","325.4728277622557",,,,,,
,"206","292.80962153764216","206","330.5857809692599",,,"206","227.79110282144893",,,,,"206","182.56392991761203",,,"206","330.7775165216817",,,,,,
,"207","294.9896979038248","207","327.1048387283846",,,"207","228.3154606340518",,,,,"207","182.44413936491227",,,"207","332.7435049435609",,,,,,
,"208","294.734977949707","208","322.7553412959845",,,"208","229.31764044351226",,,,,"208","182.82918535706557",,,"208","332.2636025443181",,,,,,
,"209","295.98753669971387","209","315.8933768803532",,,"209","229.8512475129756",,,,,"209","183.19616741983825",,,"209","327.2993195438839",,,,,,
,"210","296.7227397731671","210","310.363183932098",,,"210","229.95736486863254",,,,,"210","183.2392771926998",,,"210","325.23082396811674",,,,,,
,"211","295.7571228674362","211","310.4201925777894",,,"211","229.38326103454511",,,,,"211","183.80403748246425",,,"211","321.02255307243627",,,,,,
,"212","296.1855220122343","212","304.4933901997523",,,"212","228.8963069638634",,,,,"212","184.54069773063588",,,"212","317.51042019472175",,,,,,
,"213","297.2832223831312","213","300.2016961350344",,,"213","229.40551074683398",,,,,"213","184.52701793683144",,,"213","314.6564452695796",,,,,,
,"214","298.2712135581761","214","292.5060757399339",,,"214","230.25251110606231",,,,,"214","185.11016308187777",,,"214","315.6766151909946",,,,,,
,"215","299.45153480447834","215","289.7242831755018",,,"215","231.06181386710136",,,,,"215","186.197386767888",,,"215","321.76080091053706",,,,,,
,"216","300.6242742591555","216","286.5090728994152",,,"216","230.70933238307728",,,,,"216","186.34554772594916",,,"216","324.59389951280843",,,,,,
,"217","300.13359164248703","217","290.5549429598856",,,"217","230.2535832579123",,,,,"217","186.6383558901947",,,"217","323.5835612756988",,,,,,
,"218","299.0280679049212","218","291.8823959153435",,,"218","230.39488842919104",,,,,"218","186.0528134061163",,,"218","314.86827319132016",,,,,,
,"219","295.83241736999014","219","290.62226490800646",,,"219","230.58778531487928",,,,,"219","185.66197662482313",,,"219","314.7590086799477",,,,,,
,"220","296.366090287612","220","284.56315001960934",,,"220","230.64052715970928",,,,,"220","185.3828732268219",,,"220","302.6533211101191",,,,,,
,"221","297.96898099486884","221","287.6717638514698",,,"221","230.35508202319366",,,,,"221","185.50002747363976",,,"221","301.0688379203159",,,,,,
,"222","301.2666885324548","222","290.8860823493736",,,"222","230.5117938734912",,,,,"222","186.16451184622778",,,"222","291.78735455738934",,,,,,
,"223","302.0743408557042","223","301.16413697987787",,,"223","231.32718473816755",,,,,"223","186.2458698874226",,,"223","291.6025503101342",,,,,,
,"224","304.53080502534647","224","308.312945925323",,,"224","231.51677563304003",,,,,"224","186.34454204710354",,,"224","284.6802295341115",,,,,,
,"225","305.72075916834825","225","304.63062051516033",,,"225","231.7523443863841",,,,,"225","185.75951315822368",,,"225","286.09774232756365",,,,,,
,"226","305.71113897581216","226","305.0047073887706",,,"226","231.8672761571032",,,,,"226","184.94191909923276",,,"226","291.05187007625756",,,,,,
,,,"227","301.633432890455",,,"227","231.58739739487723",,,,,"227","185.2913925898086",,,"227","288.8879516097768",,,,,,
,,,"228","291.65234175983807",,,"228","231.36008484445543",,,,,"228","185.8269069095661",,,"228","286.7578873259635",,,,,,
,,,"229","288.1330092917709",,,"229","231.8301861628479",,,,,"229","186.9675041640408",,,"229","284.4197600201634",,,,,,
,,,"230","293.5264448496881",,,"230","230.63205258548652",,,,,"230","187.28664434269308",,,"230","279.0517820776729",,,,,,
,,,"231","288.16280264838497",,,"231","230.15263857816055",,,,,"231","186.85084976963913",,,"231","278.89317139837374",,,,,,
,,,"232","282.20902492777685",,,"232","228.41393121717468",,,,,"232","186.789901765002",,,"232","279.9010079934126",,,,,,
,,,"233","280.3386014757425",,,"233","228.9391414923423",,,,,"233","187.5245115061311",,,"233","279.3803909391645",,,,,,
,,,"234","274.108474282422",,,"234","228.81031429489352",,,,,"234","187.26524997189262",,,"234","278.33662707513133",,,,,,
,,,"235","275.9673679742563",,,"235","228.46311856381902",,,,,"235","187.74887238206486",,,"235","277.74871109647484",,,,,,
,,,"236","272.84743304803476",,,"236","229.55553872441388",,,,,"236","188.21720671253183",,,"236","277.0258860870426",,,,,,
,,,"237","266.08376242895974",,,"237","229.85331703369607",,,,,"237","188.02706375024556",,,"237","275.77336887627075",,,,,,
,,,"238","262.2080272760881",,,"238","229.23141073191928",,,,,"238","188.39105164126164",,,"238","275.58029513197596",,,,,,
,,,"239","257.40750619547157",,,"239","228.72836113538824",,,,,"239","188.6251764816011",,,"239","275.3461477398193",,,,,,
,,,"240","248.26814081260767",,,"240","228.59002249449932",,,,,"240","188.7835245089338",,,"240","276.38754771378984",,,,,,
,,,"241","239.95677432072128",,,"241","228.96007676619797",,,,,"241","187.90817139149547",,,"241","278.44886194248625",,,,,,
,,,"242","243.82607618153287",,,"242","228.9064645247784",,,,,"242","186.14216062325687",,,"242","283.7997144267941",,,,,,
,,,"243","244.33554434121004",,,"243","228.46087094074505",,,,,"243","185.02398776483054",,,"243","290.5438981004888",,,,,,
,,,"244","244.16482274866837",,,"244","228.23120833420853",,,,,"244","184.8463748137927",,,"244","296.21562427180174",,,,,,
,,,"245","248.364992513439",,,"245","228.2866985638685",,,,,"245","184.45618294677953",,,"245","302.1667782436868",,,,,,
,,,"246","247.76769600178895",,,"246","228.07836445388622",,,,,"246","185.9217260868305",,,"246","309.07939794026095",,,,,,
,,,"247","240.22541354457226",,,"247","227.56180921916012",,,,,"247","185.6940103998424",,,"247","312.45884545577724",,,,,,
,,,"248","229.55341681094916",,,"248","226.5130756161414",,,,,"248","186.12431254361877",,,"248","314.12263943929963",,,,,,
,,,"249","234.01504364964205",,,"249","226.81858056107535",,,,,"249","186.25583229126414",,,"249","313.4936891523558",,,,,,
,,,"250","238.07274416453362",,,"250","227.26209907292622",,,,,"250","186.70248151541045",,,"250","316.3039190251563",,,,,,
,,,"251","233.7655026137012",,,"251","227.050497563314",,,,,"251","186.29136452078978",,,"251","316.2814319123184",,,,,,
,,,"252","235.58339635077706",,,"252","225.76914089793763",,,,,"252","185.39792140248065",,,"252","317.5511590882107",,,,,,
,,,"253","236.44106334566703",,,"253","225.75318103097572",,,,,"253","185.29088594613975",,,"253","318.0951934072189",,,,,,
,,,"254","236.45042827199725",,,"254","225.93061446178265",,,,,"254","186.4852231786169",,,"254","312.3606544912679",,,,,,
,,,,,,,"255","225.49112091328118",,,,,"255","186.4072257721372",,,"255","302.74297573204547",,,,,,
,,,,,,,"256","225.29176948595418",,,,,"256","186.14016484853718",,,"256","291.3092498370095",,,,,,
,,,,,,,"257","224.86306799872438",,,,,"257","186.213632713842",,,"257","284.49496344081854",,,,,,
,,,,,,,"258","224.74507943290448",,,,,"258","186.58926401239037",,,"258","273.9322609003646",,,,,,
,,,,,,,"259","224.3503028317337",,,,,"259","186.6319461886053",,,"259","266.8480385822222",,,,,,
,,,,,,,"260","225.30185807239613",,,,,"260","186.2233630293457",,,"260","265.8603935598638",,,,,,
,,,,,,,"261","224.81853956983733",,,,,"261","186.80076124369256",,,"261","268.93518158930976",,,,,,
,,,,,,,"262","224.34802586335957",,,,,"262","186.7147593434638",,,"262","264.19557157201933",,,,,,
,,,,,,,"263","225.25799858475622",,,,,"263","187.06173801252226",,,"263","260.80956972978856",,,,,,
,,,,,,,"264","225.75116953884054",,,,,"264","187.6553585213641",,,"264","252.57388208184597",,,,,,
,,,,,,,"265","224.08963581507217",,,,,"265","187.6898341760484",,,"265","251.32310775467562",,,,,,
,,,,,,,"266","223.5331554975564",,,,,"266","188.1132164019864",,,"266","246.77317661668945",,,,,,
,,,,,,,"267","223.56817589662194",,,,,"267","188.57879575902658",,,"267","241.27582210105226",,,,,,
,,,,,,,"268","223.93921810454853",,,,,"268","188.58093789273894",,,"268","245.2066776911732",,,,,,
,,,,,,,"269","223.80749301938678",,,,,,,,,"269","240.92052139423538",,,,,,
,,,,,,,"270","223.3171935206483",,,,,,,,,"270","234.02026427566966",,,,,,
,,,,,,,"271","221.93839499537162",,,,,,,,,"271","239.82321979555286",,,,,,
,,,,,,,"272","221.9508451594519",,,,,,,,,"272","233.962043064738",,,,,,
,,,,,,,"273","222.64110577094215",,,,,,,,,"273","232.31874064435647",,,,,,
,,,,,,,"274","222.69937923084706",,,,,,,,,"274","229.67976577731815",,,,,,
,,,,,,,"275","221.49166529961775",,,,,,,,,"275","232.02862599631936",,,,,,
,,,,,,,"276","221.11900557613484",,,,,,,,,"276","306.91227746890706",,,,,,
,,,,,,,"277","221.83901236308176",,,,,,,,,"277","26.795618932626496",,,,,,
,,,,,,,"278","222.75925283437536",,,,,,,,,"278","43.941827181049746",,,,,,
,,,,,,,"279","222.89242006130308",,,,,,,,,"279","37.987085148459585",,,,,,
,,,,,,,"280","222.85059007719312",,,,,,,,,"280","40.656237361962724",,,,,,
,,,,,,,"281","222.97247557430896",,,,,,,,,"281","34.374043164255625",,,,,,
,,,,,,,"282","223.18346758263544",,,,,,,,,"282","25.051328498012424",,,,,,
,,,,,,,"283","222.7619597065634",,,,,,,,,"283","12.412035078080862",,,,,,
,,,,,,,"284","222.58121133610587",,,,,,,,,"284","6.3587405018975005",,,,,,
,,,,,,,"285","222.33782984340584",,,,,,,,,"285","357.92272232008935",,,,,,
,,,,,,,"286","221.43884511656026",,,,,,,,,"286","347.07046269966287",,,,,,
,,,,,,,"287","221.24943628689863",,,,,,,,,"287","334.4610147667933",,,,,,
,,,,,,,"288","221.60524172184137",,,,,,,,,"288","330.9560945847866",,,,,,
,,,,,,,"289","221.44955821612606",,,,,,,,,"289","320.536282634659",,,,,,
,,,,,,,"290","221.07452024150524",,,,,,,,,"290","319.58511710618825",,,,,,
,,,,,,,"291","220.35978568729652",,,,,,,,,"291","314.36621201472843",,,,,,
,,,,,,,"292","220.14404079124847",,,,,,,,,"292","314.5835286163358",,,,,,
,,,,,,,"293","220.39789543966563",,,,,,,,,"293","317.2214139493065",,,,,,
,,,,,,,"294","219.46277567255504",,,,,,,,,"294","329.4445029620563",,,,,,
,,,,,,,"295","219.92088431286655",,,,,,,,,"295","314.59334348921135",,,,,,
,,,,,,,"296","220.3039127282438",,,,,,,,,"296","313.6843603667928",,,,,,
,,,,,,,"297","220.78524512151904",,,,,,,,,"297","318.53558497494015",,,,,,
,,,,,,,"298","221.17520727169813",,,,,,,,,"298","307.0173642017732",,,,,,
,,,,,,,"299","220.43135415390256",,,,,,,,,"299","308.76889585035485",,,,,,
,,,,,,,"300","220.95695981144542",,,,,,,,,"300","288.970490271697",,,,,,
,,,,,,,"301","220.2625197255585",,,,,,,,,"301","229.05543973574436",,,,,,
,,,,,,,"302","219.6215924027225",,,,,,,,,"302","271.04660225271914",,,,,,
,,,,,,,"303","219.43247930047693",,,,,,,,,"303","272.9890813640252",,,,,,
,,,,,,,"304","220.37444698221785",,,,,,,,,"304","264.6609688435916",,,,,,
,,,,,,,"305","221.12885105641635",,,,,,,,,"305","274.6100973180263",,,,,,
,,,,,,,"306","222.2735423810143",,,,,,,,,"306","307.5950290571039",,,,,,
,,,,,,,"307","222.646080456699",,,,,,,,,"307","323.2845260553941",,,,,,
,,,,,,,"308","221.95446621994603",,,,,,,,,"308","331.382713661466",,,,,,
,,,,,,,"309","222.4904142246923",,,,,,,,,"309","333.67856147544023",,,,,,
,,,,,,,"310","222.59495197474385",,,,,,,,,"310","331.2910327329179",,,,,,
,,,,,,,"311","224.13214631213543",,,,,,,,,"311","332.04303744531353",,,,,,
,,,,,,,"312","224.78422780459826",,,,,,,,,"312","328.85081349157974",,,,,,
,,,,,,,"313","223.42078019471364",,,,,,,,,"313","322.6062567116459",,,,,,
,,,,,,,"314","223.84653239602443",,,,,,,,,"314","319.7869182337634",,,,,,
,,,,,,,"315","223.90854034422972",,,,,,,,,"315","317.8053639405932",,,,,,
,,,,,,,"316","223.2033331346855",,,,,,,,,"316","321.3682270073591",,,,,,
,,,,,,,"317","222.8829493543676",,,,,,,,,"317","322.25176084190366",,,,,,
,,,,,,,"318","222.890509976083",,,,,,,,,"318","324.0682646085438",,,,,,
,,,,,,,,,,,,,,,,,"319","323.13312908714187",,,,,,
,,,,,,,,,,,,,,,,,"320","326.75114269911944",,,,,,
,,,,,,,,,,,,,,,,,"321","321.37155767330944",,,,,,
,,,,,,,,,,,,,,,,,"322","315.02656820204595",,,,,,
,,,,,,,,,,,,,,,,,"323","304.18754311876296",,,,,,
,,,,,,,,,,,,,,,,,"324","293.2424439339517",,,,,,
,,,,,,,,,,,,,,,,,"325","282.795555018003",,,,,,
,,,,,,,,,,,,,,,,,"326","276.1190679079659",,,,,,
,,,,,,,,,,,,,,,,,"327","265.4516803051756",,,,,,
,,,,,,,,,,,,,,,,,"328","263.8978576739056",,,,,,
,,,,,,,,,,,,,,,,,"329","263.7115779068163",,,,,,
,,,,,,,,,,,,,,,,,"330","252.21444129500867",,,,,,
,,,,,,,,,,,,,,,,,"331","263.10018403568324",,,,,,
,,,,,,,,,,,,,,,,,"332","273.92827887482406",,,,,,
,,,,,,,,,,,,,,,,,"333","278.27180405475667",,,,,,
,,,,,,,,,,,,,,,,,"334","279.88210463377425",,,,,,
,,,,,,,,,,,,,,,,,"335","287.7133775260194",,,,,,
,,,,,,,,,,,,,,,,,"336","294.30572193301623",,,,,,
,,,,,,,,,,,,,,,,,"337","293.11613258662874",,,,,,
,,,,,,,,,,,,,,,,,"338","294.82534094723746",,,,,,
,,,,,,,,,,,,,,,,,"339","292.5164923846382",,,,,,
,,,,,,,,,,,,,,,,,"340","284.2038257454509",,,,,,
,,,,,,,,,,,,,,,,,"341","269.55393033393665",,,,,,
,,,,,,,,,,,,,,,,,"342","261.315032461475",,,,,,
,,,,,,,,,,,,,,,,,"343","246.2542221674926",,,,,,
,,,,,,,,,,,,,,,,,"344","236.88535121292546",,,,,,
,,,,,,,,,,,,,,,,,"345","235.1876465652206",,,,,,
,,,,,,,,,,,,,,,,,"346","242.63986754187084",,,,,,
,,,,,,,,,,,,,,,,,"347","242.30312975578678",,,,,,
,,,,,,,,,,,,,,,,,"348","254.64681643869855",,,,,,
,,,,,,,,,,,,,,,,,"349","255.28042528647586",,,,,,
,,,,,,,,,,,,,,,,,"350","255.25118186050184",,,,,,
,,,,,,,,,,,,,,,,,"351","272.4075349071121",,,,,,
,,,,,,,,,,,,,,,,,"352","268.11452890256794",,,,,,
,,,,,,,,,,,,,,,,,"353","264.92854381406227",,,,,,
,,,,,,,,,,,,,,,,,"354","272.0197123969052",,,,,,
,,,,,,,,,,,,,,,,,"355","285.31148996971086",,,,,,
,,,,,,,,,,,,,,,,,"356","342.7116655877566",,,,,,
,,,,,,,,,,,,,,,,,"357","261.55200947961396",,,,,,
,,,,,,,,,,,,,,,,,"358","62.11191757914446",,,,,,
,,,,,,,,,,,,,,,,,"359","50.155187547190735",,,,,,
,,,,,,,,,,,,,,,,,"360","39.4424618379216",,,,,,
,,,,,,,,,,,,,,,,,"361","32.99144205726691",,,,,,
,,,,,,,,,,,,,,,,,"362","32.41762220935203",,,,,,
,,,,,,,,,,,,,,,,,"363","32.65687651363032",,,,,,
,,,,,,,,,,,,,,,,,"364","27.244015255743705",,,,,,
,,,,,,,,,,,,,,,,,"365","13.594462023000744",,,,,,
,,,,,,,,,,,,,,,,,"366","11.31157397235836",,,,,,
,,,,,,,,,,,,,,,,,"367","7.441098275757042",,,,,,
,,,,,,,,,,,,,,,,,"368","359.30535651977976",,,,,,
,,,,,,,,,,,,,,,,,"369","352.8937347926633",,,,,,
,,,,,,,,,,,,,,,,,"370","350.43770450366804",,,,,,
,,,,,,,,,,,,,,,,,"371","345.58599929643617",,,,,,
,,,,,,,,,,,,,,,,,"372","334.11770936585447",,,,,,
,,,,,,,,,,,,,,,,,"373","327.47133851527747",,,,,,
,,,,,,,,,,,,,,,,,"374","322.92609987411385",,,,,,
,,,,,,,,,,,,,,,,,"375","317.57338497973603",,,,,,
,,,,,,,,,,,,,,,,,"376","313.98017425707474",,,,,,
,,,,,,,,,,,,,,,,,"377","310.35488949512234",,,,,,
,,,,,,,,,,,,,,,,,"378","309.35527838058147",,,,,,
,,,,,,,,,,,,,,,,,"379","305.8957941263891",,,,,,
,,,,,,,,,,,,,,,,,"380","299.7894612934573",,,,,,
,,,,,,,,,,,,,,,,,"381","298.5497903669988",,,,,,
,,,,,,,,,,,,,,,,,"382","299.8987971947699",,,,,,
,,,,,,,,,,,,,,,,,"383","302.1806480577674",,,,,,
,,,,,,,,,,,,,,,,,"384","309.5977979553734",,,,,,
,,,,,,,,,,,,,,,,,"385","313.63042746418716",,,,,,
,,,,,,,,,,,,,,,,,"386","313.9598850062556",,,,,,
,,,,,,,,,,,,,,,,,"387","317.6978360184434",,,,,,
,,,,,,,,,,,,,,,,,"388","322.5186890936548",,,,,,
,,,,,,,,,,,,,,,,,"389","328.0149637025828",,,,,,
,,,,,,,,,,,,,,,,,"390","333.98403442199793",,,,,,
,,,,,,,,,,,,,,,,,"391","343.1713279650534",,,,,,
,,,,,,,,,,,,,,,,,"392","344.2328400712225",,,,,,
,,,,,,,,,,,,,,,,,"393","344.85363213680665",,,,,,
,,,,,,,,,,,,,,,,,"394","348.11489724285263",,,,,,
,,,,,,,,,,,,,,,,,"395","345.1774714210766",,,,,,
,,,,,,,,,,,,,,,,,"396","347.49061893818606",,,,,,
,,,,,,,,,,,,,,,,,"397","349.0582464813191",,,,,,
,,,,,,,,,,,,,,,,,"398","357.2509250648668",,,,,,
,,,,,,,,,,,,,,,,,"399","1.4825831899797777",,,,,,
,,,,,,,,,,,,,,,,,"400","5.086723211480489",,,,,,
,,,,,,,,,,,,,,,,,"401","4.900103738320297",,,,,,
,,,,,,,,,,,,,,,,,"402","7.543058460760847",,,,,,
,,,,,,,,,,,,,,,,,"403","15.248242316281846",,,,,,
,,,,,,,,,,,,,,,,,"404","18.83357289000088",,,,,,
,,,,,,,,,,,,,,,,,"405","22.89580841353211",,,,,,
,,,,,,,,,,,,,,,,,"406","27.03642681812221",,,,,,
,,,,,,,,,,,,,,,,,"407","26.313212316857857",,,,,,
,,,,,,,,,,,,,,,,,"408","26.632081990227448",,,,,,
,,,,,,,,,,,,,,,,,"409","20.04182727582554",,,,,,
,,,,,,,,,,,,,,,,,"410","18.205628803349214",,,,,,
,,,,,,,,,,,,,,,,,"411","16.12193159540874",,,,,,
,,,,,,,,,,,,,,,,,"412","12.918278347516832",,,,,,
,,,,,,,,,,,,,,,,,"413","13.940457545811341",,,,,,
,,,,,,,,,,,,,,,,,"414","15.248542603180738",,,,,,
,,,,,,,,,,,,,,,,,"415","13.617320372734298",,,,,,
,,,,,,,,,,,,,,,,,"416","13.450294023567722",,,,,,
,,,,,,,,,,,,,,,,,"417","8.35344682347494",,,,,,
,,,,,,,,,,,,,,,,,"418","8.600170210292674",,,,,,
,,,,,,,,,,,,,,,,,"419","8.081487132365908",,,,,,
,,,,,,,,,,,,,,,,,"420","11.788374343180067",,,,,,
,,,,,,,,,,,,,,,,,"421","19.629419088755583",,,,,,
,,,,,,,,,,,,,,,,,"422","25.241848925324973",,,,,,
,,,,,,,,,,,,,,,,,"423","31.22570389976272",,,,,,
,,,,,,,,,,,,,,,,,"424","30.156206016084127",,,,,,
,,,,,,,,,,,,,,,,,"425","25.673494257652692",,,,,,
,,,,,,,,,,,,,,,,,"426","24.821848864556387",,,,,,
,,,,,,,,,,,,,,,,,"427","19.224720542455486",,,,,,
,,,,,,,,,,,,,,,,,"428","14.829378223555693",,,,,,
,,,,,,,,,,,,,,,,,"429","12.404063179246464",,,,,,
,,,,,,,,,,,,,,,,,"430","8.92034534708273",,,,,,
,,,,,,,,,,,,,,,,,"431","2.8796166677975066",,,,,,
,,,,,,,,,,,,,,,,,"432","355.14379656957175",,,,,,
,,,,,,,,,,,,,,,,,"433","350.81171684723887",,,,,,
,,,,,,,,,,,,,,,,,"434","348.38593219549176",,,,,,
,,,,,,,,,,,,,,,,,"435","349.79851538439436",,,,,,
,,,,,,,,,,,,,,,,,"436","350.4733071119707",,,,,,
,,,,,,,,,,,,,,,,,"437","346.9024928465249",,,,,,
,,,,,,,,,,,,,,,,,"438","345.21211277391274",,,,,,
,,,,,,,,,,,,,,,,,"439","342.54956641256194",,,,,,
,,,,,,,,,,,,,,,,,"440","340.7873487594248",,,,,,
,,,,,,,,,,,,,,,,,"441","338.0836647851351",,,,,,
,,,,,,,,,,,,,,,,,"442","333.4052495364477",,,,,,
,,,,,,,,,,,,,,,,,"443","330.89137932120923",,,,,,
,,,,,,,,,,,,,,,,,"444","327.42095396237687",,,,,,
,,,,,,,,,,,,,,,,,"445","325.97642634371675",,,,,,
,,,,,,,,,,,,,,,,,"446","322.8060020314896",,,,,,
,,,,,,,,,,,,,,,,,"447","320.4180267922457",,,,,,
,,,,,,,,,,,,,,,,,"448","318.77121798332314",,,,,,
,,,,,,,,,,,,,,,,,"449","313.9982803545612",,,,,,
,,,,,,,,,,,,,,,,,"450","309.3670762788672",,,,,,
,,,,,,,,,,,,,,,,,"451","306.79935596874145",,,,,,
,,,,,,,,,,,,,,,,,"452","305.2314150719204",,,,,,
,,,,,,,,,,,,,,,,,"453","304.21800658184293",,,,,,
,,,,,,,,,,,,,,,,,"454","299.8440810466281",,,,,,
,,,,,,,,,,,,,,,,,"455","297.06633737738827",,,,,,
,,,,,,,,,,,,,,,,,"456","295.45551556899056",,,,,,
,,,,,,,,,,,,,,,,,"457","293.7760737939856",,,,,,
,,,,,,,,,,,,,,,,,"458","293.7561595166625",,,,,,
,,,,,,,,,,,,,,,,,"459","291.40510130329903",,,,,,
,,,,,,,,,,,,,,,,,"460","291.844746647055",,,,,,
,,,,,,,,,,,,,,,,,"461","291.42808005932045",,,,,,
,,,,,,,,,,,,,,,,,"462","289.5787968051729",,,,,,
,,,,,,,,,,,,,,,,,"463","289.82549608774616",,,,,,
,,,,,,,,,,,,,,,,,"464","288.9996845038544",,,,,,
,,,,,,,,,,,,,,,,,"465","289.0443894495506",,,,,,
,,,,,,,,,,,,,,,,,"466","289.9302316913628",,,,,,
,,,,,,,,,,,,,,,,,"467","293.1311756850132",,,,,,
,,,,,,,,,,,,,,,,,"468","292.97494138231633",,,,,,
,,,,,,,,,,,,,,,,,"469","292.4562516404243",,,,,,
,,,,,,,,,,,,,,,,,"470","290.9571567507428",,,,,,
,,,,,,,,,,,,,,,,,"471","290.9568096616144",,,,,,
